DROP DATABASE IF EXISTS project;
CREATE DATABASE project;
USE project;


CREATE TABLE Coach (
    CoachID INT PRIMARY KEY,
    FirstName VARCHAR(50),
    LastName VARCHAR(50)
);

CREATE TABLE AthleticDirector (
    DirectorID INT PRIMARY KEY,
    FirstName VARCHAR (50),
    LastName VARCHAR(50),
    YearsExperience INT
);

CREATE TABLE Team (
    TeamID INT PRIMARY KEY,
    TeamName VARCHAR(100),
    HighSchoolName VARCHAR(100),
    State VARCHAR(50),
    Sport VARCHAR(50),
    Record VARCHAR(20),
    CoachID INT,
    DirectorID int,
    FOREIGN KEY (CoachID) REFERENCES Coach(CoachID),
    FOREIGN KEY (DirectorID) REFERENCES AthleticDirector(DirectorID)
 );


CREATE TABLE Strategies (
    StrategyID INT PRIMARY KEY,
    Name VARCHAR(100),
    Type VARCHAR(50),
    Description TEXT,
    TeamID int,
    FOREIGN KEY (TeamID) REFERENCES Team(TeamID)
);

CREATE TABLE CollegeTeam (
    TeamID INT PRIMARY KEY,
    Name VARCHAR(100),
    TeamSize INT,
    Division VARCHAR(50)
);

CREATE TABLE Recruiter (
    RecruiterID INT PRIMARY KEY,
    FirstName VARCHAR(50),
    LastName VARCHAR(50),
    University VARCHAR(100),
    TeamID INT,
    FOREIGN KEY (TeamID) REFERENCES CollegeTeam(TeamID)
);

CREATE TABLE RecruitingEvents (
    EventID INT AUTO_INCREMENT PRIMARY KEY,
    DateTime DATETIME,
    Location VARCHAR(100),
    RecruiterID INT,
    FOREIGN KEY (RecruiterID) REFERENCES Recruiter(RecruiterID)
);


CREATE TABLE Game (
    GameID INT AUTO_INCREMENT PRIMARY KEY,
    DateTime DATETIME,
    Location VARCHAR(100),
    HomeTeamID INT,
    AwayTeamID INT,
    DirectorID INT,
    FOREIGN KEY (HomeTeamID) REFERENCES Team(TeamID),
    FOREIGN KEY (AwayTeamID) REFERENCES Team(TeamID),
    FOREIGN KEY (DirectorID) REFERENCES AthleticDirector(DirectorID)
);

CREATE TABLE Practice (
    PracticeID INT AUTO_INCREMENT PRIMARY KEY,
    DateTime DATETIME,
    Location VARCHAR(100),
    TeamID INT,
    DirectorID INT,
    FOREIGN KEY (TeamID) REFERENCES Team(TeamID),
    FOREIGN KEY (DirectorID) REFERENCES AthleticDirector(DirectorID)
);

CREATE TABLE Athlete (
    PlayerID INT PRIMARY KEY,
    FirstName VARCHAR(50),
    LastName VARCHAR(50),
    Gender VARCHAR(10),
    GPA FLOAT,
    GradeLevel INT,
    Height FLOAT,
    Position VARCHAR(50),
    RecruitmentStatus VARCHAR(50),
    TeamID INT,
    FOREIGN KEY (TeamID) REFERENCES Team(TeamID)
);

CREATE TABLE AthleteStats (
    StatsID INT PRIMARY KEY,
    PlayerID INT,
    TotalPoints INT,
    GamesPlayed INT,
    AssistsPerGame FLOAT,
    Rebounds INT,
    PointsPerGame FLOAT,
    FreeThrowPercentage FLOAT,
    HighlightsURL TEXT,
    FOREIGN KEY (PlayerID) REFERENCES Athlete(PlayerID)
);

CREATE TABLE SchoolsOfInterest (
    InterestID INT PRIMARY KEY,
    PlayerID INT,
    TeamID INT,
    Name VARCHAR(100),
    RecruitmentProgress VARCHAR(100),
    Location VARCHAR(100),
    FOREIGN KEY (PlayerID) REFERENCES Athlete(PlayerID),
    FOREIGN KEY (TeamID) REFERENCES CollegeTeam(TeamID)
);

CREATE TABLE AthleteEvent (
    PlayerID INT,
    EventID INT,
    PRIMARY KEY (PlayerID, EventID),
    FOREIGN KEY (PlayerID) REFERENCES Athlete(PlayerID),
    FOREIGN KEY (EventID) REFERENCES RecruitingEvents(EventID)
);

CREATE TABLE AthleteRecruiter (
    PlayerID INT,
    RecruiterID INT,
    PRIMARY KEY (PlayerID, RecruiterID),
    FOREIGN KEY (PlayerID) REFERENCES Athlete(PlayerID),
    FOREIGN KEY (RecruiterID) REFERENCES Recruiter(RecruiterID)
);

CREATE TABLE AthleteInterestedSchools (
    PlayerID INT,
    InterestID INT,
    PRIMARY KEY (PlayerID, InterestID),
    FOREIGN KEY (PlayerID) REFERENCES Athlete(PlayerID),
    FOREIGN KEY (InterestID) REFERENCES SchoolsOfInterest(InterestID)
);


INSERT INTO Coach (CoachID, FirstName, LastName) VALUES
(1, 'Jack', 'Bolton'),
(2, 'John', 'James'),
(3, 'Marcus', 'Foster'),
(4, 'Erica', 'Rodriguez'),
(5, 'Simon', 'Clark'),
(6, 'Denise', 'Woods'),
(7, 'Robert', 'Nguyen'),
(8, 'Tamara', 'Bell'),
(9, 'Jason', 'Myers'),
(10, 'Amanda', 'Garrett'),
(11, 'Trevor', 'White'),
(12, 'Monica', 'Hughes'),
(13, 'Samuel', 'Adams'),
(14, 'Stephanie', 'Turner'),
(15, 'Peter', 'Wallace'),
(16, 'Lena', 'Wright'),
(17, 'Caleb', 'Ramirez'),
(18, 'Bianca', 'Lopez'),
(19, 'Isaiah', 'Barnes'),
(20, 'Kelly', 'Patterson'),
(21, 'Jordan', 'Hall'),
(22, 'Derek', 'Sanders'),
(23, 'Marissa', 'Reed'),
(24, 'Brent', 'Crawford'),
(25, 'Isabelle', 'Harrison'),
(26, 'Leo', 'Price'),
(27, 'Sofia', 'Watson'),
(28, 'Jamal', 'Griffin'),
(29, 'Tanya', 'Cooper'),
(30, 'Micah', 'Morgan'),
(31, 'Diane', 'Blackwell'),
(32, 'Victor', 'James'),
(33, 'Hannah', 'King'),
(34, 'Dante', 'Ford'),
(35, 'Emily', 'Brown'),
(36, 'Bryan', 'Scott'),
(37, 'Teresa', 'Young'),
(38, 'Omar', 'Ellis'),
(39, 'Natalie', 'Diaz'),
(40, 'Zachary', 'Mills');

INSERT INTO AthleticDirector (DirectorID, FirstName, LastName, YearsExperience) VALUES
(101, 'Carlos', 'Ramirez', 12),
(102, 'Julia', 'Nguyen', 15),
(103, 'Marcus', 'Wright', 18),
(104, 'Samantha', 'Lee', 8),
(105, 'Daniel', 'Parker', 22),
(106, 'Ashley', 'Garcia', 10),
(107, 'Brian', 'Thompson', 14),
(108, 'Alicia', 'Martinez', 9),
(109, 'David', 'Harris', 11),
(110, 'Rachel', 'Khan', 16),
(111, 'Justin', 'Evans', 13),
(112, 'Natalie', 'Brooks', 7),
(113, 'Kevin', 'Allen', 21),
(114, 'Megan', 'Flores', 6),
(115, 'Steven', 'Bell', 17),
(116, 'Emily', 'Peterson', 19),
(117, 'Joshua', 'Reed', 12),
(118, 'Lauren', 'Cooper', 10),
(119, 'Eric', 'Sanders', 23),
(120, 'Chloe', 'Price', 5),
(121, 'Jonathan', 'Scott', 14),
(122, 'Hailey', 'Young', 9),
(123, 'Dylan', 'Mitchell', 20),
(124, 'Vanessa', 'Morgan', 8),
(125, 'Tyler', 'Bailey', 6),
(126, 'Ava', 'Cruz', 11),
(127, 'Logan', 'Gray', 13),
(128, 'Olivia', 'James', 15),
(129, 'Andrew', 'Stewart', 18),
(130, 'Isabella', 'Walker', 7),
(131, 'Ethan', 'Wilson', 30);


INSERT INTO Team (TeamID, TeamName, HighSchoolName, State, Sport, Record, CoachID, DirectorID) VALUES
(1, 'Wildcats', 'East High', 'Utah', 'Basketball', '20-5', 1, 131),
(2, 'Tigers', 'North High', 'Utah', 'Basketball', '10-4', 2, 102),
(3, 'Panthers', 'Central High', 'California', 'Basketball', '18-6', 3, 103),
(4, 'Ravens', 'West High', 'Indiana', 'Basketball', '16-9', 4, 104),
(5, 'Cougars', 'Silver Valley High', 'Nevada', 'Basketball', '22-3', 5, 105),
(6, 'Eagles', 'South High', 'Texas', 'Basketball', '19-5', 6, 106),
(7, 'East Thunder', 'East High', 'Utah', 'Soccer', '11-2', 7, 131),
(8, 'East Lightning', 'East High', 'Utah', 'Football', '8-3', 8, 131),
(9, 'East Flyers', 'East High', 'Utah', 'Volleyball', '12-6', 9, 131),
(10, 'East Aces', 'East High', 'Utah', 'Tennis', '9-5', 10, 131),
(11, 'Central Force', 'Sunset Ridge High', 'Utah', 'Basketball', '7-4', 11, 107),
(12, 'Central Knights', 'Maple Grove High', 'New Mexico', 'Basketball', '13-3', 12, 108),
(13, 'Central Heat', 'Bayview High', 'Virginia', 'Basketball', '14-4', 13, 109),
(14, 'Central Racers', 'Highland Hills High', 'California', 'Basketball', '6-2', 14, 110),
(15, 'West Fire', 'Oakwood High', 'Indiana', 'Basketball', '10-3', 15, 111),
(16, 'West Bolts', 'Stone Creek High', 'Indiana', 'Basketball', '15-5', 16, 112),
(17, 'West Grit', 'Riverbend High', 'Ohio', 'Basketball', '12-7', 17, 113),
(18, 'Aces', 'Ice Lake High', 'Alaska', 'Basketball', '7-7', 18, 114),
(19, 'North Storm', 'Clearwater High', 'Utah', 'Basketball', '6-5', 19, 115),
(20, 'North Speed', 'Granite Peak High', 'Iowa', 'Basketball', '9-1', 20, 116),
(21, 'North Surge', 'Canyon Ridge High', 'Utah', 'Basketball', '11-6', 21, 117),
(22, 'North Flame', 'Mountain Valley High', 'Utah', 'Basketball', '13-4', 22, 118),
(23, 'South Blaze', 'Cedar Grove High', 'Kentucky', 'Basketball', '10-2', 23, 119),
(24, 'South Force', 'Red Rock High', 'New Mexico', 'Basketball', '17-3', 24, 120),
(25, 'South Phoenix', 'Rio Grande High', 'Texas', 'Basketball', '12-5', 25, 121),
(26, 'South Impact', 'Golden Plains High', 'Colorado', 'Basketball', '10-6', 26, 122),
(27, 'Liberty Lions', 'Liberty High', 'Nevada', 'Basketball', '15-5', 27, 123),
(28, 'Pioneers', 'Pioneer Ridge High', 'Massachusetts', 'Basketball', '8-4', 28, 124),
(29, 'Liberty Hawks', 'Sierra Crest High', 'Vermont', 'Basketball', '5-6', 29, 125),
(30, 'Liberty Eagles', 'Crystal Falls High', 'Rhode Island', 'Basketball', '14-5', 30, 126),
(31, 'River Ridge Raptors', 'River Ridge High', 'Idaho', 'Basketball', '13-5', 31, 127),
(32, 'River Ridge Storm', 'Mountainview High', 'Idaho', 'Basketball', '10-7', 32, 128),
(33, 'River Ridge Titans', 'Eagle Creek High', 'Colorado', 'Basketball', '11-8', 33, 129),
(34, 'Maplewood Moose', 'Maplewood High', 'Florida', 'Basketball', '12-5', 34, 130),
(35, 'Maplewood Foxes', 'Brookstone High', 'Indiana', 'Basketball', '7-4', 35, 101),
(36, 'Maplewood Waves', 'Northgate High', 'Louisiana', 'Basketball', '9-3', 36, 101),
(37, 'Oceanview Orcas', 'Oceanview High', 'Maine', 'Basketball', '20-4', 37, 102),
(38, 'Oceanview Jets', 'Rock Ridge High', 'Colorado', 'Basketball', '6-6', 38, 103),
(39, 'Oceanview Smash', 'Shoreline High', 'California', 'Basketball', '13-5', 39, 104),
(40, 'Oceanview Breakers', 'Sand Dune High', 'New Mexico', 'Basketball', '11-2', 40, 105);

INSERT INTO Strategies (StrategyID, Name, Type, Description, TeamID) VALUES
(1, 'Pick and Roll', 'Offense', 'Set screen and rush basket for high-percentage shot', 1),
(2, 'Half-court Press', 'Defense', 'Guard in front of the half-court line to pressure ball handlers', 1),
(3, 'Motion Offense', 'Offense', 'Continuous player movement to create open shots', 1),
(4, 'Zone Defense', 'Defense', 'Guard specific areas instead of individual players', 1),
(5, 'Fast Break', 'Offense', 'Quick transition from defense to offense for easy baskets', 1),
(6, 'Full Court Press', 'Defense', 'Defensive pressure across full court to force turnovers', 1),
(7, 'Triangle Offense', 'Offense', 'Three-player formation to create spacing and passing options', 1),
(8, 'Box-and-One', 'Defense', 'Four players in zone with one defender playing man-to-man', 1),
(9, 'High-Low Post', 'Offense', 'Basketball play between forwards for inside scoring', 1),
(10, 'Man-to-Man Defense', 'Defense', 'Each defender guards a specific player throughout the possession', 1),
(11, 'Pick and Pop', 'Offense', 'Screen followed by perimeter jump shot instead of drive', 1),
(12, '3-Point Focus', 'Offense', 'Offense designed to create open three-point shooting opportunities', 1),
(13, 'Switching Defense', 'Defense', 'Defenders switch assignments on screens to prevent mismatches', 1),
(14, 'Princeton Offense', 'Offense', 'Motion-based system with backdoor cuts and screens', 1),
(15, 'Trap Defense', 'Defense', 'Double team ball handler in specific areas to force turnovers', 1),
(16, 'Post Isolation', 'Offense', 'Clear space for strong post players to score one-on-one', 1),
(17, 'Help-Side Defense', 'Defense', 'Rotating to help teammates when their man beats them', 1),
(18, 'Dribble Drive', 'Offense', 'Guards attack the basket with shooters spread on perimeter', 1),
(19, 'Match-up Zone', 'Defense', 'Hybrid defense with zone principles but man-to-man adjustments', 1),
(20, 'Four-Out One-In', 'Offense', 'Four perimeter players with one post player for spacing', 1);


INSERT INTO CollegeTeam (TeamID, Name, TeamSize, Division) VALUES
(123, 'UC Berkeley', 20, 'D1'),
(456, 'Duke', 19, 'D1'),
(1001, 'Stanford', 21, 'D1'),
(1002, 'Michigan', 20, 'D1'),
(1003, 'UCLA', 22, 'D1'),
(1004, 'Ohio State', 24, 'D1'),
(1005, 'Florida State', 23, 'D1'),
(1006, 'Texas A&M', 21, 'D1'),
(1007, 'Notre Dame', 18, 'D1'),
(1008, 'Northwestern', 19, 'D1'),
(1009, 'Harvard', 18, 'D1'),
(1010, 'Princeton', 17, 'D1'),
(1011, 'Penn State', 22, 'D1'),
(1012, 'Purdue', 21, 'D1'),
(1013, 'University of Oregon', 20, 'D1'),
(1014, 'University of Washington', 19, 'D1'),
(1015, 'Georgia Tech', 22, 'D1'),
(1016, 'University of Miami', 18, 'D1'),
(1017, 'Cornell', 20, 'D1'),
(1018, 'Vanderbilt', 19, 'D1'),
(1019, 'Boston College', 21, 'D1'),
(1020, 'University of Chicago', 18, 'D1'),
(1021, 'NYU', 17, 'D1'),
(1022, 'USC', 23, 'D1'),
(1023, 'University of Florida', 21, 'D1'),
(1024, 'University of Arizona', 20, 'D1'),
(1025, 'Columbia', 19, 'D1'),
(1026, 'University of Wisconsin', 24, 'D1'),
(1027, 'University of Minnesota', 22, 'D1'),
(1028, 'University of Kansas', 23, 'D1'),
(1029, 'Baylor', 21, 'D1'),
(1030, 'University of Georgia', 22, 'D1'),
(1031, 'University of Kentucky', 20, 'D1'),
(1032, 'Indiana University', 21, 'D1'),
(1033, 'University of Tennessee', 23, 'D1'),
(1034, 'University of Iowa', 20, 'D1'),
(1035, 'Texas Tech', 22, 'D1'),
(1036, 'University of Colorado', 18, 'D1'),
(1037, 'Syracuse University', 21, 'D1'),
(1038, 'Wake Forest', 19, 'D1');

INSERT INTO Recruiter (RecruiterID, FirstName, LastName, University, TeamID) VALUES
(301, 'Calvin', 'Goldstein', 'UC Berkeley', 123),
(302, 'Timothy', 'Barnes', 'Duke', 456),
(303, 'Ava', 'Richards', 'Stanford', 1001),
(304, 'Logan', 'Pierce', 'Michigan', 1002),
(305, 'Isabella', 'Wells', 'UCLA', 1003),
(306, 'Ethan', 'Morris', 'Ohio State', 1004),
(307, 'Lily', 'Anderson', 'Florida State', 1005),
(308, 'Jackson', 'Lee', 'Texas A&M', 1006),
(309, 'Mia', 'Hughes', 'Notre Dame', 1007),
(310, 'Elijah', 'Scott', 'Northwestern', 1008),
(311, 'Harper', 'Nguyen', 'Harvard', 1009),
(312, 'Lucas', 'Garcia', 'Princeton', 1010),
(313, 'Sofia', 'Lopez', 'Penn State', 1011),
(314, 'Mason', 'Martinez', 'Purdue', 1012),
(315, 'Ella', 'Rodriguez', 'University of Oregon', 1013),
(316, 'James', 'Bennett', 'University of Washington', 1014),
(317, 'Chloe', 'Robinson', 'Georgia Tech', 1015),
(318, 'Landon', 'White', 'University of Miami', 1016),
(319, 'Victoria', 'Thompson', 'Cornell', 1017),
(320, 'Henry', 'Green', 'Vanderbilt', 1018),
(321, 'Aria', 'King', 'Boston College', 1019),
(322, 'Sebastian', 'Adams', 'University of Chicago', 1020),
(323, 'Grace', 'Evans', 'NYU', 1021),
(324, 'Julian', 'Wright', 'USC', 1022),
(325, 'Stella', 'Moore', 'University of Florida', 1023),
(326, 'Nathan', 'Cruz', 'University of Arizona', 1024),
(327, 'Zoey', 'Reed', 'Columbia', 1025),
(328, 'Wyatt', 'Mitchell', 'University of Wisconsin', 1026),
(329, 'Penelope', 'Perry', 'University of Minnesota', 1027),
(330, 'Isaac', 'Morgan', 'University of Kansas', 1028),
(331, 'Leah', 'Stewart', 'Baylor', 1029),
(332, 'Owen', 'Simmons', 'University of Georgia', 1030),
(333, 'Scarlett', 'Bell', 'University of Kentucky', 1031),
(334, 'Gabriel', 'Cooper', 'Indiana University', 1032),
(335, 'Camila', 'Sanders', 'University of Tennessee', 1033),
(336, 'Jayden', 'Foster', 'University of Iowa', 1034),
(337, 'Claire', 'Bailey', 'Texas Tech', 1035),
(338, 'Dylan', 'Murphy', 'University of Colorado', 1036),
(339, 'Zara', 'Gray', 'Syracuse University', 1037),
(340, 'Anthony', 'Jenkins', 'Wake Forest', 1038);

INSERT INTO RecruitingEvents (DateTime, Location, RecruiterID) VALUES
('2025-03-01 17:30:00', 'East High', 301),
('2025-03-02 18:30:00', 'North High', 301),
('2025-03-03 17:45:00', 'Central High', 301),
('2025-03-04 18:00:00', 'West High', 301),
('2025-03-05 18:15:00', 'South High', 305),
('2025-03-06 17:30:00', 'Liberty High', 306),
('2025-03-07 18:45:00', 'River Ridge High', 307),
('2025-03-08 17:00:00', 'Maplewood High', 308),
('2025-03-09 18:00:00', 'Oceanview High', 309)
;


INSERT INTO Game (DateTime, Location, HomeTeamID, AwayTeamID, DirectorID) VALUES
('2025-04-18 19:00:00', 'East High', 1, 2, 131),
('2025-04-25 19:00:00', 'East High', 1, 3, 131),
('2025-05-02 19:00:00', 'East High', 1, 4, 131),
('2025-05-09 19:00:00', 'East High', 1, 5, 131),
('2025-05-16 19:00:00', 'East High', 1, 6, 131),
('2025-04-22 19:30:00', 'North High', 2, 1, 102),
('2025-04-29 19:30:00', 'Central High', 3, 1, 103),
('2025-05-06 19:30:00', 'West High', 4, 1, 104),
('2025-05-13 19:30:00', 'Silver Valley High', 5, 1, 105),
('2025-05-20 19:30:00', 'South High', 6, 1, 106),
('2025-04-19 18:00:00', 'North High', 2, 3, 102),
('2025-04-26 18:00:00', 'West High', 4, 5, 104),
('2025-05-03 18:00:00', 'South High', 6, 2, 106),
('2025-05-10 18:00:00', 'Central High', 3, 4, 103),
('2025-05-17 18:00:00', 'Silver Valley High', 5, 6, 105),
('2025-04-20 17:00:00', 'Sunset Ridge High', 11, 12, 107),
('2025-04-27 17:00:00', 'Bayview High', 13, 14, 109),
('2025-05-04 17:00:00', 'Oakwood High', 15, 16, 111),
('2025-05-11 07:00:00', 'Riverbend High', 17, 19, 113),
('2025-05-18 17:00:00', 'Clearwater High', 19, 20, 115);


INSERT INTO Practice (DateTime, Location, TeamID, DirectorID) VALUES
('2025-04-17 15:30:00', 'East High Main Gym', 1, 131),
('2025-04-21 15:30:00', 'East High Main Gym', 1, 131),
('2025-04-24 15:30:00', 'East High Main Gym', 1, 131),
('2025-04-28 15:30:00', 'East High Main Gym', 1, 131),
('2025-05-01 15:30:00', 'East High Main Gym', 1, 131),
('2025-05-05 15:30:00', 'East High Main Gym', 1, 131),
('2025-05-08 15:30:00', 'East High Main Gym', 1, 131),
('2025-05-12 15:30:00', 'East High Main Gym', 1, 131),
('2025-05-15 15:30:00', 'East High Main Gym', 1, 131),
('2025-05-19 15:30:00', 'East High Main Gym', 1, 131),
('2025-04-17 16:30:00', 'East High Soccer Field', 7, 131),
('2025-04-21 16:30:00', 'East High Soccer Field', 7, 131),
('2025-04-24 16:30:00', 'East High Soccer Field', 7, 131),
('2025-04-28 16:30:00', 'East High Soccer Field', 7, 131),
('2025-05-01 16:30:00', 'East High Soccer Field', 7, 131),
('2025-04-18 15:30:00', 'East High Football Field', 8, 131),
('2025-04-22 15:30:00', 'East High Football Field', 8, 131),
('2025-04-25 15:30:00', 'East High Football Field', 8, 131),
('2025-04-29 15:30:00', 'East High Football Field', 8, 131),
('2025-05-02 15:30:00', 'East High Football Field', 8, 131),
('2025-04-18 16:30:00', 'East High Auxiliary Gym', 9, 131),
('2025-04-22 16:30:00', 'East High Auxiliary Gym', 9, 131),
('2025-04-25 16:30:00', 'East High Auxiliary Gym', 9, 131),
('2025-04-29 16:30:00', 'East High Auxiliary Gym', 9, 131),
('2025-05-02 16:30:00', 'East High Auxiliary Gym', 9, 131),
('2025-04-19 15:00:00', 'East High Tennis Courts', 10, 131),
('2025-04-23 15:00:00', 'East High Tennis Courts', 10, 131),
('2025-04-26 15:00:00', 'East High Tennis Courts', 10, 131),
('2025-04-30 15:00:00', 'East High Tennis Courts', 10, 131),
('2025-05-03 15:00:00', 'East High Tennis Courts', 10, 131),
('2025-05-07 15:00:00', 'East High Tennis Courts', 10, 131),
('2025-05-10 15:00:00', 'East High Tennis Courts', 10, 131),
('2025-05-14 15:00:00', 'East High Tennis Courts', 10, 131),
('2025-05-17 15:00:00', 'East High Tennis Courts', 10, 131),
('2025-05-21 15:00:00', 'East High Tennis Courts', 10, 131),
('2025-05-22 15:30:00', 'East High Main Gym', 1, 131),
('2025-05-26 15:30:00', 'East High Main Gym', 1, 131),
('2025-05-29 15:30:00', 'East High Main Gym', 1, 131),
('2025-06-02 15:30:00', 'East High Main Gym', 1, 131),
('2025-06-05 15:30:00', 'East High Main Gym', 1, 131);



-- Insert complete data for all athletes
INSERT INTO Athlete (PlayerID, FirstName, LastName, Gender, GPA, GradeLevel, Height, Position, RecruitmentStatus, TeamID) VALUES
(1, 'Troy', 'Bolton', 'Male', 3.9, 11, 6.8, 'Point Guard', 'Active', 1),
(2, 'Chad', 'Danforth', 'Male', 3.6, 11, 6.9, 'Guard', 'Active', 1),
(3, 'Zeke', 'Baylor', 'Male', 3.6, 11, 7.2, 'Forward', 'Active', 1),
(4, 'Ryan', 'Evans', 'Male', 3.5, 12, 6.8, 'Forward', 'Active', 1),
(5, 'Ethan', 'Bryant', 'Male', 3.3, 11, 6.7, 'Guard', 'Inactive', 1),
(6, 'Lucas', 'Nguyen', 'Male', 3.8, 11, 6.9, 'Shooting Guard', 'Active', 1),
(7, 'Tyler', 'Scott', 'Male', 3.4, 10, 6.8, 'Guard', 'Active', 1),
(8, 'Mason', 'Price', 'Male', 3.8, 11, 6.7, 'Guard', 'Active', 1),
(9, 'Gabriel', 'Montez', 'Male', 4.0, 11, 6.5, 'Shooting Guard', 'Active', 3),
(10, 'Mark', 'Cox', 'Male', 3.8, 10, 6.4, 'Guard', 'Active', 3),
(11, 'Keith', 'Nielsen', 'Male', 3.9, 11, 6.6, 'Point Guard', 'Active', 3),
(12, 'Steven', 'Lake', 'Male', 3.7, 11, 6.7, 'Forward', 'Inactive', 3),
(13, 'Taylor', 'McKessie', 'Male', 3.5, 11, 6.8, 'Forward', 'Active', 3),
(14, 'Shane', 'Evans', 'Male', 3.7, 12, 6.5, 'Guard', 'Inactive', 3),
(15, 'Nick', 'Thomas', 'Male', 3.6, 10, 6.4, 'Guard', 'Active', 3),
(16, 'Leo', 'Johnson', 'Male', 4.0, 12, 6.6, 'Shooting Guard', 'Active', 3),
(17, 'Ray', 'Green', 'Male', 3.9, 12, 6.6, 'Guard', 'Active', 4),
(18, 'Evan', 'Rose', 'Male', 4.0, 10, 6.5, 'Shooting Guard', 'Active', 4),
(19, 'Avery', 'Lopez', 'Male', 3.5, 11, 6.7, 'Forward', 'Active', 4),
(20, 'Chris', 'Davis', 'Male', 3.6, 12, 6.8, 'Center', 'Active', 4),
(21, 'Oliver', 'Clark', 'Male', 3.8, 11, 6.6, 'Guard', 'Active', 4),
(22, 'Ian', 'Moore', 'Male', 3.7, 10, 6.5, 'Point Guard', 'Inactive', 4),
(23, 'Zach', 'Wright', 'Male', 3.9, 11, 6.6, 'Forward', 'Active', 4),
(24, 'Michael', 'Rivers', 'Male', 3.4, 12, 6.10, 'Center', 'Inactive', 5),
(25, 'Matt', 'Dobbs', 'Male', 3.1, 12, 7.0, 'Center', 'Active', 5),
(26, 'Nathan', 'Brooks', 'Male', 3.6, 10, 6.8, 'Guard', 'Active', 5),
(27, 'Samuel', 'Woods', 'Male', 3.3, 11, 6.9, 'Forward', 'Active', 5),
(28, 'Owen', 'Reed', 'Male', 3.7, 11, 6.7, 'Shooting Guard', 'Active', 5),
(29, 'Blake', 'Hayes', 'Male', 3.5, 12, 6.8, 'Guard', 'Inactive', 5),
(30, 'Jason', 'Cross', 'Male', 3.2, 11, 6.9, 'Forward', 'Inactive', 6),
(31, 'Logan', 'West', 'Male', 3.6, 10, 6.7, 'Point Guard', 'Active', 6),
(32, 'Caleb', 'Morgan', 'Male', 3.9, 11, 6.8, 'Guard', 'Active', 6),
(33, 'Jack', 'Foster', 'Male', 3.3, 12, 6.10, 'Forward', 'Active', 6),
(34, 'Benjamin', 'Diaz', 'Male', 3.4, 11, 7.0, 'Center', 'Active', 6),
(35, 'Henry', 'Griffin', 'Male', 3.5, 10, 6.6, 'Shooting Guard', 'Active', 6),
(36, 'Mason', 'Price', 'Male', 3.8, 11, 6.8, 'Guard', 'Active', 6),
(37, 'Dylan', 'Bennett', 'Male', 3.6, 12, 6.7, 'Point Guard', 'Active', 5),
(38, 'Cameron', 'Steele', 'Male', 3.2, 11, 6.9, 'Guard', 'Inactive', 5),
(39, 'Marcus', 'Hill', 'Male', 3.9, 11, 6.5, 'Guard', 'Active', 3),
(40, 'James', 'Lee', 'Male', 3.7, 12, 6.6, 'Forward', 'Active', 3),
(41, 'Adam', 'Jordan', 'Male', 3.8, 11, 6.7, 'Forward', 'Active', 3),
(42, 'Noah', 'Kim', 'Male', 3.4, 10, 6.9, 'Guard', 'Active', 5),
(43, 'Sam', 'Baker', 'Male', 3.9, 12, 6.6, 'Point Guard', 'Active', 4),
(44, 'Liam', 'Patel', 'Male', 3.3, 12, 6.7, 'Center', 'Inactive', 6),
(45, 'Eli', 'Morris', 'Male', 3.7, 11, 6.5, 'Shooting Guard', 'Active', 3),
(46, 'Aiden', 'Ramirez', 'Male', 3.6, 11, 6.8, 'Forward', 'Active', 1),
(47, 'Greg', 'Thompson', 'Male', 4.0, 10, 6.4, 'Guard', 'Inactive', 4),
(48, 'Daniel', 'Ross', 'Male', 3.5, 12, 6.10, 'Center', 'Active', 6),
(49, 'Zane', 'Howard', 'Male', 3.9, 11, 6.6, 'Forward', 'Active', 3),
(50, 'Miles', 'Jenkins', 'Male', 3.2, 10, 6.7, 'Guard', 'Inactive', 5),
(51, 'Riley', 'Garcia', 'Male', 3.5, 11, 6.7, 'Guard', 'Active', 1),
(52, 'Casey', 'Davis', 'Male', 3.6, 11, 6.8, 'Guard', 'Active', 1),
(53, 'Taylor', 'Jones', 'Male', 3.7, 12, 6.9, 'Forward', 'Active', 1),
(54, 'Casey', 'Johnson', 'Male', 3.4, 10, 6.7, 'Guard', 'Active', 1),
(55, 'Casey', 'Jones', 'Male', 3.8, 11, 7.0, 'Center', 'Active', 1),
(56, 'Alex', 'Smith', 'Male', 3.5, 11, 6.8, 'Forward', 'Active', 2),
(57, 'Jordan', 'Martinez', 'Male', 3.6, 12, 6.9, 'Center', 'Active', 2),
(58, 'Jamie', 'Rodriguez', 'Male', 3.4, 11, 6.9, 'Center', 'Active', 2),
(59, 'Casey', 'Rodriguez', 'Male', 3.5, 10, 6.8, 'Center', 'Active', 2),
(60, 'Riley', 'Martinez', 'Male', 3.7, 11, 7.1, 'Center', 'Active', 2),
(61, 'Taylor', 'Brown', 'Male', 3.6, 11, 6.9, 'Center', 'Active', 3),
(62, 'Alex', 'Garcia', 'Male', 3.5, 12, 6.8, 'Guard', 'Active', 3),
(63, 'Skyler', 'Garcia', 'Male', 3.4, 10, 6.7, 'Guard', 'Active', 3),
(64, 'Jordan', 'Brown', 'Male', 3.9, 11, 6.8, 'Guard', 'Active', 3),
(65, 'Jordan', 'Rodriguez', 'Male', 3.6, 12, 6.9, 'Forward', 'Active', 3),
(66, 'Taylor', 'Smith', 'Male', 3.7, 11, 6.8, 'Forward', 'Active', 4),
(67, 'Taylor', 'Smith', 'Male', 3.5, 10, 6.7, 'Forward', 'Active', 4),
(68, 'Casey', 'Rodriguez', 'Male', 3.8, 11, 6.8, 'Guard', 'Active', 4),
(69, 'Alex', 'Davis', 'Male', 3.4, 12, 6.9, 'Forward', 'Active', 4),
(70, 'Morgan', 'Williams', 'Male', 3.6, 11, 7.0, 'Center', 'Active', 4),
(71, 'Quinn', 'Davis', 'Male', 3.5, 10, 6.8, 'Forward', 'Active', 5),
(72, 'Jamie', 'Martinez', 'Male', 3.7, 11, 6.9, 'Forward', 'Active', 5),
(73, 'Riley', 'Davis', 'Male', 3.6, 12, 6.7, 'Guard', 'Active', 5),
(74, 'Jordan', 'Smith', 'Male', 3.5, 11, 6.8, 'Guard', 'Active', 5),
(75, 'Skyler', 'Smith', 'Male', 3.4, 10, 6.7, 'Guard', 'Active', 5),
(76, 'Riley', 'Garcia', 'Male', 3.8, 11, 7.0, 'Center', 'Active', 6),
(77, 'Morgan', 'Johnson', 'Male', 3.7, 12, 6.9, 'Forward', 'Active', 6),
(78, 'Alex', 'Jones', 'Male', 3.6, 11, 6.8, 'Forward', 'Active', 6),
(79, 'Jamie', 'Brown', 'Male', 3.5, 10, 7.1, 'Center', 'Active', 6),
(80, 'Jordan', 'Williams', 'Male', 3.9, 11, 6.9, 'Forward', 'Active', 6),
(81, 'Morgan', 'Johnson', 'Male', 3.5, 12, 6.7, 'Goalkeeper', 'Active', 7),
(82, 'Skyler', 'Brown', 'Male', 3.6, 11, 6.8, 'Forward', 'Active', 7),
(83, 'Riley', 'Jones', 'Male', 3.7, 10, 6.7, 'Forward', 'Active', 7),
(84, 'Jamie', 'Smith', 'Male', 3.8, 11, 6.9, 'Goalkeeper', 'Active', 7),
(85, 'Skyler', 'Martinez', 'Male', 3.4, 12, 6.8, 'Goalkeeper', 'Active', 7),
(86, 'Jamie', 'Davis', 'Male', 3.6, 11, 6.9, 'Linebacker', 'Active', 8),
(87, 'Taylor', 'Johnson', 'Male', 3.7, 10, 6.8, 'Quarterback', 'Active', 8),
(88, 'Riley', 'Jones', 'Male', 3.8, 11, 6.7, 'Running Back', 'Active', 8),
(89, 'Jamie', 'Garcia', 'Male', 3.9, 12, 6.8, 'Wide Receiver', 'Active', 8),
(90, 'Morgan', 'Davis', 'Male', 3.5, 11, 6.9, 'Linebacker', 'Active', 8),
(91, 'Jordan', 'Davis', 'Male', 3.6, 10, 6.7, 'Libero', 'Active', 9),
(92, 'Riley', 'Martinez', 'Male', 3.7, 11, 6.8, 'Setter', 'Active', 9),
(93, 'Quinn', 'Jones', 'Male', 3.8, 12, 6.9, 'Middle Blocker', 'Active', 9),
(94, 'Alex', 'Smith', 'Male', 3.9, 11, 6.7, 'Setter', 'Active', 9),
(95, 'Alex', 'Martinez', 'Male', 3.5, 10, 6.8, 'Outside Hitter', 'Active', 9),
(96, 'Riley', 'Williams', 'Male', 3.6, 11, 6.6, 'Singles', 'Active', 10),
(97, 'Jordan', 'Jones', 'Male', 3.7, 12, 6.7, 'Singles', 'Active', 10),
(98, 'Riley', 'Johnson', 'Male', 3.8, 11, 6.5, 'Singles', 'Active', 10),
(99, 'Quinn', 'Martinez', 'Male', 3.9, 10, 6.6, 'Singles', 'Active', 10),
(100, 'Jordan', 'Martinez', 'Male', 3.5, 11, 6.7, 'Singles', 'Active', 10),
(101, 'Morgan', 'Davis', 'Male', 3.6, 12, 7.0, 'Center', 'Active', 11),
(102, 'Skyler', 'Johnson', 'Male', 3.7, 11, 6.9, 'Forward', 'Active', 11),
(103, 'Taylor', 'Davis', 'Male', 3.8, 10, 6.8, 'Forward', 'Active', 11),
(104, 'Jordan', 'Rodriguez', 'Male', 3.9, 11, 6.9, 'Forward', 'Active', 11),
(105, 'Alex', 'Smith', 'Male', 3.5, 12, 6.7, 'Guard', 'Active', 11),
(106, 'Quinn', 'Smith', 'Male', 3.6, 11, 7.0, 'Center', 'Active', 12),
(107, 'Alex', 'Williams', 'Male', 3.7, 10, 6.9, 'Forward', 'Active', 12),
(108, 'Jamie', 'Williams', 'Male', 3.8, 11, 6.7, 'Guard', 'Active', 12),
(109, 'Taylor', 'Smith', 'Male', 3.9, 12, 7.1, 'Center', 'Active', 12),
(110, 'Riley', 'Johnson', 'Male', 3.5, 11, 6.8, 'Forward', 'Active', 12),
(111, 'Casey', 'Rodriguez', 'Male', 3.6, 10, 6.7, 'Guard', 'Active', 13),
(112, 'Skyler', 'Williams', 'Male', 3.7, 11, 7.0, 'Center', 'Active', 13),
(113, 'Alex', 'Garcia', 'Male', 3.8, 12, 6.8, 'Guard', 'Active', 13),
(114, 'Taylor', 'Rodriguez', 'Male', 3.9, 11, 6.9, 'Forward', 'Active', 13),
(115, 'Morgan', 'Martinez', 'Male', 3.5, 10, 6.7, 'Guard', 'Active', 13),
(116, 'Alex', 'Jones', 'Male', 3.6, 11, 6.8, 'Guard', 'Active', 14),
(117, 'Riley', 'Williams', 'Male', 3.7, 12, 6.9, 'Forward', 'Active', 14),
(118, 'Morgan', 'Martinez', 'Male', 3.8, 11, 6.8, 'Forward', 'Active', 14),
(119, 'Skyler', 'Martinez', 'Male', 3.9, 10, 6.7, 'Guard', 'Active', 14),
(120, 'Casey', 'Jones', 'Male', 3.5, 11, 6.8, 'Guard', 'Active', 14),
(121, 'Jamie', 'Davis', 'Male', 3.6, 12, 6.9, 'Forward', 'Active', 15),
(122, 'Jordan', 'Davis', 'Male', 3.7, 11, 6.7, 'Guard', 'Active', 15),
(123, 'Casey', 'Williams', 'Male', 3.8, 10, 7.0, 'Center', 'Active', 15),
(124, 'Jordan', 'Williams', 'Male', 3.9, 11, 6.8, 'Forward', 'Active', 15),
(125, 'Taylor', 'Rodriguez', 'Male', 3.5, 12, 6.9, 'Forward', 'Active', 15),
(126, 'Jordan', 'Martinez', 'Male', 3.6, 11, 6.7, 'Guard', 'Active', 16),
(127, 'Morgan', 'Martinez', 'Male', 3.7, 10, 6.8, 'Guard', 'Active', 16),
(128, 'Casey', 'Smith', 'Male', 3.8, 11, 6.7, 'Guard', 'Active', 16),
(129, 'Morgan', 'Smith', 'Male', 3.9, 12, 6.9, 'Forward', 'Active', 16),
(130, 'Skyler', 'Rodriguez', 'Male', 3.5, 11, 6.8, 'Forward', 'Active', 16),
(131, 'Morgan', 'Brown', 'Male', 3.6, 10, 6.9, 'Forward', 'Active', 17),
(132, 'Casey', 'Johnson', 'Male', 3.7, 11, 7.0, 'Center', 'Active', 17),
(133, 'Skyler', 'Martinez', 'Male', 3.8, 12, 6.8, 'Forward', 'Active', 17),
(134, 'Casey', 'Brown', 'Male', 3.9, 11, 6.7, 'Guard', 'Active', 17),
(135, 'Casey', 'Garcia', 'Male', 3.5, 10, 6.8, 'Guard', 'Active', 17),
(136, 'Riley', 'Johnson', 'Male', 3.6, 11, 6.9, 'Forward', 'Active', 18),
(137, 'Skyler', 'Garcia', 'Male', 3.7, 12, 7.0, 'Center', 'Active', 18),
(138, 'Jamie', 'Johnson', 'Male', 3.8, 11, 6.7, 'Guard', 'Active', 18),
(139, 'Jordan', 'Smith', 'Male', 3.9, 10, 7.1, 'Center', 'Active', 18),
(140, 'Taylor', 'Jones', 'Male', 3.5, 11, 6.8, 'Guard', 'Active', 18),
(141, 'Alex', 'Davis', 'Male', 3.6, 12, 6.9, 'Forward', 'Active', 19),
(142, 'Skyler', 'Garcia', 'Male', 3.7, 11, 6.7, 'Guard', 'Active', 19),
(143, 'Riley', 'Rodriguez', 'Male', 3.8, 10, 7.0, 'Center', 'Active', 19),
(144, 'Morgan', 'Rodriguez', 'Male', 3.9, 11, 7.1, 'Center', 'Active', 19),
(145, 'Jordan', 'Williams', 'Male', 3.5, 12, 6.8, 'Guard', 'Active', 19),
(146, 'Casey', 'Smith', 'Male', 3.6, 11, 7.0, 'Center', 'Active', 20),
(147, 'Quinn', 'Williams', 'Male', 3.7, 10, 6.9, 'Forward', 'Active', 20),
(148, 'Alex', 'Martinez', 'Male', 3.8, 11, 7.0, 'Center', 'Active', 20),
(149, 'Jordan', 'Brown', 'Male', 3.9, 12, 6.7, 'Guard', 'Active', 20),
(150, 'Skyler', 'Williams', 'Male', 3.5, 11, 7.1, 'Center', 'Active', 20),
(151, 'Alex', 'Jones', 'Male', 3.6, 10, 6.8, 'Guard', 'Active', 21),
(152, 'Skyler', 'Rodriguez', 'Male', 3.7, 11, 6.7, 'Guard', 'Active', 21),
(153, 'Skyler', 'Brown', 'Male', 3.8, 12, 6.8, 'Guard', 'Active', 21),
(154, 'Morgan', 'Martinez', 'Male', 3.9, 11, 6.9, 'Forward', 'Active', 21),
(155, 'Jordan', 'Rodriguez', 'Male', 3.5, 10, 7.0, 'Center', 'Active', 21),
(156, 'Riley', 'Garcia', 'Male', 3.6, 11, 7.1, 'Center', 'Active', 22),
(157, 'Morgan', 'Davis', 'Male', 3.7, 12, 6.8, 'Forward', 'Active', 22),
(158, 'Skyler', 'Garcia', 'Male', 3.8, 11, 6.7, 'Guard', 'Active', 22),
(159, 'Jamie', 'Jones', 'Male', 3.9, 10, 7.0, 'Center', 'Active', 22),
(160, 'Taylor', 'Smith', 'Male', 3.5, 11, 6.9, 'Forward', 'Active', 22),
(161, 'Skyler', 'Martinez', 'Male', 3.6, 12, 7.0, 'Center', 'Active', 23),
(162, 'Taylor', 'Martinez', 'Male', 3.7, 11, 6.7, 'Guard', 'Active', 23),
(163, 'Riley', 'Smith', 'Male', 3.8, 10, 7.1, 'Center', 'Active', 23),
(164, 'Morgan', 'Smith', 'Male', 3.9, 11, 6.8, 'Guard', 'Active', 23),
(165, 'Quinn', 'Jones', 'Male', 3.5, 12, 6.9, 'Forward', 'Active', 23),
(166, 'Skyler', 'Johnson', 'Male', 3.6, 11, 6.8, 'Forward', 'Active', 24),
(167, 'Riley', 'Garcia', 'Male', 3.7, 10, 6.7, 'Guard', 'Active', 24),
(168, 'Taylor', 'Smith', 'Male', 3.8, 11, 7.0, 'Center', 'Active', 24),
(169, 'Jordan', 'Brown', 'Male', 3.9, 12, 7.1, 'Center', 'Active', 24),
(170, 'Jamie', 'Jones', 'Male', 3.5, 11, 6.9, 'Forward', 'Active', 24),
(171, 'Skyler', 'Johnson', 'Male', 3.6, 10, 6.8, 'Forward', 'Active', 25),
(172, 'Taylor', 'Smith', 'Male', 3.7, 11, 6.9, 'Forward', 'Active', 25),
(173, 'Jamie', 'Rodriguez', 'Male', 3.8, 12, 6.8, 'Forward', 'Active', 25),
(174, 'Quinn', 'Johnson', 'Male', 3.9, 11, 7.0, 'Center', 'Active', 25),
(175, 'Jordan', 'Garcia', 'Male', 3.5, 10, 6.9, 'Forward', 'Active', 25),
(176, 'Skyler', 'Davis', 'Male', 3.6, 11, 7.0, 'Center', 'Active', 26),
(177, 'Jamie', 'Rodriguez', 'Male', 3.7, 12, 6.9, 'Forward', 'Active', 26),
(178, 'Casey', 'Williams', 'Male', 3.8, 11, 6.8, 'Forward', 'Active', 26),
(179, 'Casey', 'Davis', 'Male', 3.9, 10, 7.1, 'Center', 'Active', 26),
(180, 'Jamie', 'Johnson', 'Male', 3.5, 11, 6.8, 'Forward', 'Active', 26),
(181, 'Alex', 'Davis', 'Male', 3.6, 12, 6.7, 'Guard', 'Active', 27),
(182, 'Jordan', 'Davis', 'Male', 3.7, 11, 6.8, 'Guard', 'Active', 27),
(183, 'Jordan', 'Garcia', 'Male', 3.8, 10, 7.0, 'Center', 'Active', 27),
(184, 'Quinn', 'Martinez', 'Male', 3.9, 11, 6.7, 'Guard', 'Active', 27),
(185, 'Riley', 'Martinez', 'Male', 3.5, 12, 7.0, 'Center', 'Active', 27),
(186, 'Skyler', 'Davis', 'Male', 3.6, 11, 7.1, 'Center', 'Active', 28),
(187, 'Casey', 'Williams', 'Male', 3.7, 10, 6.9, 'Forward', 'Active', 28),
(188, 'Alex', 'Jones', 'Male', 3.8, 11, 6.8, 'Forward', 'Active', 28),
(189, 'Jamie', 'Jones', 'Male', 3.9, 12, 6.9, 'Forward', 'Active', 28),
(190, 'Jordan', 'Brown', 'Male', 3.5, 11, 6.8, 'Forward', 'Active', 28),
(191, 'Taylor', 'Rodriguez', 'Male', 3.6, 10, 7.0, 'Center', 'Active', 29),
(192, 'Riley', 'Johnson', 'Male', 3.7, 11, 6.7, 'Guard', 'Active', 29),
(193, 'Jamie', 'Garcia', 'Male', 3.8, 12, 7.0, 'Center', 'Active', 29),
(194, 'Taylor', 'Garcia', 'Male', 3.9, 11, 7.1, 'Center', 'Active', 29),
(195, 'Casey', 'Williams', 'Male', 3.5, 10, 6.9, 'Forward', 'Active', 29),
(196, 'Taylor', 'Brown', 'Male', 3.6, 11, 6.8, 'Guard', 'Active', 30),
(197, 'Jamie', 'Williams', 'Male', 3.7, 12, 6.7, 'Guard', 'Active', 30),
(198, 'Riley', 'Jones', 'Male', 3.8, 11, 6.8, 'Guard', 'Active', 30),
(199, 'Taylor', 'Davis', 'Male', 3.9, 10, 7.0, 'Center', 'Active', 30),
(200, 'Quinn', 'Davis', 'Male', 3.5, 11, 6.9, 'Forward', 'Active', 30),
(201, 'Taylor', 'Davis', 'Male', 3.6, 12, 6.7, 'Guard', 'Active', 31),
(202, 'Morgan', 'Rodriguez', 'Male', 3.7, 11, 7.0, 'Center', 'Active', 31),
(203, 'Riley', 'Johnson', 'Male', 3.8, 10, 6.8, 'Guard', 'Active', 31),
(204, 'Jordan', 'Davis', 'Male', 3.9, 11, 7.1, 'Center', 'Active', 31),
(205, 'Jordan', 'Jones', 'Male', 3.5, 12, 6.7, 'Guard', 'Active', 31),
(206, 'Skyler', 'Williams', 'Male', 3.6, 11, 6.9, 'Forward', 'Active', 32),
(207, 'Casey', 'Johnson', 'Male', 3.7, 10, 7.0, 'Center', 'Active', 32),
(208, 'Taylor', 'Brown', 'Male', 3.8, 11, 6.8, 'Forward', 'Active', 32),
(209, 'Quinn', 'Johnson', 'Male', 3.9, 12, 7.0, 'Center', 'Active', 32),
(210, 'Jordan', 'Davis', 'Male', 3.5, 11, 6.7, 'Guard', 'Active', 32),
(211, 'Riley', 'Davis', 'Male', 3.6, 10, 6.8, 'Guard', 'Active', 33),
(212, 'Jordan', 'Johnson', 'Male', 3.7, 11, 6.7, 'Guard', 'Active', 33),
(213, 'Morgan', 'Garcia', 'Male', 3.8, 12, 7.0, 'Center', 'Active', 33),
(214, 'Riley', 'Garcia', 'Male', 3.9, 11, 7.1, 'Center', 'Active', 33),
(215, 'Alex', 'Brown', 'Male', 3.5, 10, 6.7, 'Guard', 'Active', 33),
(216, 'Riley', 'Brown', 'Male', 3.6, 11, 6.9, 'Forward', 'Active', 34),
(217, 'Quinn', 'Martinez', 'Male', 3.7, 12, 6.8, 'Forward', 'Active', 34),
(218, 'Taylor', 'Smith', 'Male', 3.8, 11, 6.9, 'Forward', 'Active', 34),
(219, 'Morgan', 'Jones', 'Male', 3.9, 10, 6.8, 'Forward', 'Active', 34),
(220, 'Jamie', 'Garcia', 'Male', 3.5, 11, 6.9, 'Forward', 'Active', 34),
(221, 'Jordan', 'Rodriguez', 'Male', 3.6, 12, 7.0, 'Center', 'Active', 35),
(222, 'Alex', 'Jones', 'Male', 3.7, 11, 6.9, 'Forward', 'Active', 35),
(223, 'Skyler', 'Martinez', 'Male', 3.8, 10, 7.0, 'Center', 'Active', 35),
(224, 'Riley', 'Rodriguez', 'Male', 3.9, 11, 7.1, 'Center', 'Active', 35),
(225, 'Alex', 'Johnson', 'Male', 3.5, 12, 7.0, 'Center', 'Active', 35),
(226, 'Riley', 'Davis', 'Male', 3.6, 11, 7.0, 'Center', 'Active', 36),
(227, 'Alex', 'Johnson', 'Male', 3.7, 10, 6.9, 'Forward', 'Active', 36),
(228, 'Skyler', 'Davis', 'Male', 3.8, 11, 7.1, 'Center', 'Active', 36),
(229, 'Quinn', 'Martinez', 'Male', 3.9, 12, 6.7, 'Guard', 'Active', 36),
(230, 'Morgan', 'Jones', 'Male', 3.5, 11, 7.0, 'Center', 'Active', 36),
(231, 'Skyler', 'Jones', 'Male', 3.6, 10, 6.8, 'Guard', 'Active', 37),
(232, 'Jamie', 'Johnson', 'Male', 3.7, 11, 7.0, 'Center', 'Active', 37),
(233, 'Jordan', 'Jones', 'Male', 3.8, 12, 6.9, 'Forward', 'Active', 37),
(234, 'Morgan', 'Garcia', 'Male', 3.9, 11, 7.0, 'Center', 'Active', 37),
(235, 'Jamie', 'Brown', 'Male', 3.5, 10, 6.7, 'Guard', 'Active', 37),
(236, 'Riley', 'Williams', 'Male', 3.6, 11, 7.1, 'Center', 'Active', 38),
(237, 'Taylor', 'Johnson', 'Male', 3.7, 12, 6.9, 'Forward', 'Active', 38),
(238, 'Skyler', 'Davis', 'Male', 3.8, 11, 6.7, 'Guard', 'Active', 38),
(239, 'Skyler', 'Smith', 'Male', 3.9, 10, 7.0, 'Center', 'Active', 38),
(240, 'Riley', 'Davis', 'Male', 3.5, 11, 6.8, 'Guard', 'Active', 38),
(241, 'Skyler', 'Rodriguez', 'Male', 3.6, 12, 6.7, 'Guard', 'Active', 39),
(242, 'Alex', 'Johnson', 'Male', 3.7, 11, 6.9, 'Forward', 'Active', 39),
(243, 'Quinn', 'Rodriguez', 'Male', 3.8, 10, 6.8, 'Guard', 'Active', 39),
(244, 'Quinn', 'Williams', 'Male', 3.9, 11, 7.0, 'Center', 'Active', 39),
(245, 'Jordan', 'Jones', 'Male', 3.5, 12, 6.9, 'Forward', 'Active', 39),
(246, 'Taylor', 'Johnson', 'Male', 3.6, 11, 7.0, 'Center', 'Active', 40),
(247, 'Taylor', 'Garcia', 'Male', 3.7, 10, 7.1, 'Center', 'Active', 40),
(248, 'Jamie', 'Williams', 'Male', 3.8, 11, 7.0, 'Center', 'Active', 40),
(249, 'Riley', 'Davis', 'Male', 3.9, 12, 7.0, 'Center', 'Active', 40),
(250, 'Jordan', 'Smith', 'Male', 3.5, 11, 6.9, 'Forward', 'Active', 40);

INSERT INTO AthleteStats (StatsID, PlayerID, TotalPoints, GamesPlayed, AssistsPerGame, Rebounds, PointsPerGame, FreeThrowPercentage, HighlightsURL) VALUES
(1, 1, 350, 21, 6.2, 75, 23.1, 0.67, 'https://www.youtube.com/watch?v=CuZx05LA0_M'),
(2, 2, 267, 20, 4.3, 82, 18.7, 0.52, 'https://maxpreps.com/highlights/chaddanforth'),
(3, 3, 312, 22, 3.9, 90, 20.5, 0.61, 'https://maxpreps.com/highlights/zekebaylor'),
(4, 4, 305, 20, 5.1, 60, 20.3, 0.70, 'https://maxpreps.com/highlights/ryanevans'),
(5, 5, 285, 19, 3.8, 78, 20.0, 0.58, 'https://maxpreps.com/highlights/ethanbryant'),
(6, 6, 190, 18, 2.5, 63, 10.6, 0.49, 'https://maxpreps.com/highlights/lucasnguyen'),
(7, 7, 275, 20, 6.0, 55, 13.8, 0.72, 'https://maxpreps.com/highlights/tylerscott'),
(8, 8, 160, 17, 1.9, 50, 9.4, 0.55, 'https://maxpreps.com/highlights/masonprice'),
(9, 9, 223, 21, 4.4, 58, 10.6, 0.61, 'https://maxpreps.com/highlights/gabrielmontez'),
(10, 10, 310, 21, 5.2, 72, 14.8, 0.66, 'https://maxpreps.com/highlights/markcox'),
(11, 11, 298, 20, 5.8, 80, 14.9, 0.63, 'https://maxpreps.com/highlights/keithnielsen'),
(12, 12, 245, 18, 3.5, 49, 13.6, 0.68, 'https://maxpreps.com/highlights/stevenlake'),
(13, 13, 198, 16, 2.8, 55, 12.4, 0.60, 'https://maxpreps.com/highlights/taylormckessie'),
(14, 14, 277, 20, 4.7, 66, 13.9, 0.70, 'https://maxpreps.com/highlights/shaneevans'),
(15, 15, 205, 19, 3.3, 59, 10.8, 0.62, 'https://maxpreps.com/highlights/nickthomas'),
(16, 16, 320, 22, 6.5, 85, 14.5, 0.75, 'https://maxpreps.com/highlights/leojohnson'),
(17, 17, 240, 20, 4.0, 60, 12.0, 0.59, 'https://maxpreps.com/highlights/raygreen'),
(18, 18, 211, 20, 4.1, 62, 10.5, 0.68, 'https://maxpreps.com/highlights/evanrose'),
(19, 19, 265, 21, 3.5, 64, 12.6, 0.65, 'https://maxpreps.com/highlights/averylopez'),
(20, 20, 250, 18, 4.2, 70, 13.9, 0.69, 'https://maxpreps.com/highlights/chrisdavis'),
(21, 21, 230, 17, 3.9, 68, 13.5, 0.67, 'https://maxpreps.com/highlights/oliverclark'),
(22, 22, 288, 21, 5.1, 73, 13.7, 0.66, 'https://maxpreps.com/highlights/ianmoore'),
(23, 23, 310, 20, 6.3, 77, 15.5, 0.73, 'https://maxpreps.com/highlights/zachwright'),
(24, 24, 180, 16, 2.9, 52, 11.3, 0.54, 'https://maxpreps.com/highlights/michaelrivers'),
(25, 25, 200, 17, 3.7, 60, 11.8, 0.61, 'https://maxpreps.com/highlights/mattdobbs'),
(26, 26, 170, 15, 2.3, 50, 11.3, 0.59, 'https://maxpreps.com/highlights/nathanbrooks'),
(27, 27, 295, 20, 4.9, 66, 14.8, 0.65, 'https://maxpreps.com/highlights/samuelwoods'),
(28, 28, 310, 21, 5.5, 70, 14.7, 0.69, 'https://maxpreps.com/highlights/owenreed'),
(29, 29, 280, 19, 4.4, 74, 14.7, 0.64, 'https://maxpreps.com/highlights/blakehayes'),
(30, 30, 195, 17, 3.0, 61, 11.5, 0.60, 'https://maxpreps.com/highlights/jasoncross'),
(31, 31, 225, 18, 3.7, 63, 12.5, 0.65, 'https://maxpreps.com/highlights/loganwest'),
(32, 32, 265, 20, 4.6, 67, 13.3, 0.71, 'https://maxpreps.com/highlights/calebmorgan'),
(33, 33, 312, 21, 6.0, 80, 14.9, 0.69, 'https://maxpreps.com/highlights/jackfoster'),
(34, 34, 345, 22, 6.2, 83, 15.7, 0.73, 'https://maxpreps.com/highlights/benjamindiaz'),
(35, 35, 202, 16, 3.2, 58, 12.6, 0.60, 'https://maxpreps.com/highlights/henrygriffin'),
(36, 36, 270, 20, 5.1, 70, 13.5, 0.64, 'https://maxpreps.com/highlights/masonprice'),
(37, 37, 212, 19, 3.9, 65, 11.2, 0.68, 'https://maxpreps.com/highlights/dylanbennett'),
(38, 38, 280, 20, 4.2, 69, 14.0, 0.66, 'https://maxpreps.com/highlights/cameronsteele'),
(39, 39, 195, 17, 3.5, 54, 11.5, 0.63, 'https://maxpreps.com/highlights/marcushill'),
(40, 40, 200, 18, 3.8, 56, 11.1, 0.65, 'https://maxpreps.com/highlights/jameslee'),
(41, 41, 185, 18, 2.5, 50, 10.3, 0.57, 'https://maxpreps.com/highlights/adamjordan'),
(42, 42, 260, 19, 4.1, 66, 13.7, 0.61, 'https://maxpreps.com/highlights/noahkim'),
(43, 43, 230, 20, 3.9, 64, 11.5, 0.64, 'https://maxpreps.com/highlights/sambaker'),
(44, 44, 190, 17, 2.4, 61, 11.2, 0.59, 'https://maxpreps.com/highlights/liampatel'),
(45, 45, 200, 18, 3.6, 60, 11.1, 0.62, 'https://maxpreps.com/highlights/elimorris'),
(46, 46, 260, 21, 5.3, 69, 12.4, 0.69, 'https://maxpreps.com/highlights/aidenramirez'),
(47, 47, 175, 17, 2.7, 53, 10.3, 0.58, 'https://maxpreps.com/highlights/gregthompson'),
(48, 48, 288, 20, 4.9, 75, 14.4, 0.72, 'https://maxpreps.com/highlights/danielross'),
(49, 49, 230, 18, 3.6, 62, 12.8, 0.66, 'https://maxpreps.com/highlights/zanehoward'),
(50, 50, 265, 19, 4.1, 67, 13.9, 0.68, 'https://maxpreps.com/highlights/milesjenkins'),
(51, 51, 278, 20, 4.5, 65, 13.9, 0.64, 'https://maxpreps.com/highlights/rileygarcia'),
(52, 52, 256, 19, 3.8, 62, 13.5, 0.62, 'https://maxpreps.com/highlights/caseydavis'),
(53, 53, 301, 21, 5.0, 70, 14.3, 0.68, 'https://maxpreps.com/highlights/taylorjones'),
(54, 54, 245, 18, 3.6, 60, 13.6, 0.60, 'https://maxpreps.com/highlights/caseyjohnson'),
(55, 55, 320, 22, 4.2, 85, 14.5, 0.71, 'https://maxpreps.com/highlights/caseyjones'),
(56, 56, 290, 20, 4.7, 68, 14.5, 0.67, 'https://maxpreps.com/highlights/alexsmith'),
(57, 57, 310, 21, 3.9, 90, 14.8, 0.65, 'https://maxpreps.com/highlights/jordanmartinez'),
(58, 58, 275, 19, 3.2, 82, 14.5, 0.61, 'https://maxpreps.com/highlights/jamierodriguez'),
(59, 59, 298, 20, 4.0, 75, 14.9, 0.63, 'https://maxpreps.com/highlights/caseyrodriguez'),
(60, 60, 315, 21, 3.8, 88, 15.0, 0.66, 'https://maxpreps.com/highlights/rileymartinez'),
(61, 61, 302, 20, 3.5, 84, 15.1, 0.64, 'https://maxpreps.com/highlights/taylorbrown'),
(62, 62, 275, 19, 4.2, 65, 14.5, 0.62, 'https://maxpreps.com/highlights/alexgarcia'),
(63, 63, 260, 18, 4.5, 62, 14.4, 0.65, 'https://maxpreps.com/highlights/skylergarcia'),
(64, 64, 285, 19, 4.8, 70, 15.0, 0.68, 'https://maxpreps.com/highlights/jordanbrown'),
(65, 65, 305, 21, 3.9, 76, 14.5, 0.66, 'https://maxpreps.com/highlights/jordanrodriguez'),
(66, 66, 295, 20, 4.1, 72, 14.8, 0.63, 'https://maxpreps.com/highlights/taylorsmith1'),
(67, 67, 270, 19, 3.7, 68, 14.2, 0.62, 'https://maxpreps.com/highlights/taylorsmith2'),
(68, 68, 280, 19, 4.3, 66, 14.7, 0.65, 'https://maxpreps.com/highlights/caseyrodriguez2'),
(69, 69, 310, 21, 3.8, 78, 14.8, 0.67, 'https://maxpreps.com/highlights/alexdavis'),
(70, 70, 325, 22, 3.2, 95, 14.8, 0.64, 'https://maxpreps.com/highlights/morganwilliams'),
(71, 71, 290, 20, 3.6, 75, 14.5, 0.63, 'https://maxpreps.com/highlights/quinndavis'),
(72, 72, 305, 21, 3.8, 80, 14.5, 0.65, 'https://maxpreps.com/highlights/jamiemartinez'),
(73, 73, 270, 19, 4.5, 65, 14.2, 0.66, 'https://maxpreps.com/highlights/rileydavis'),
(74, 74, 280, 19, 4.7, 68, 14.7, 0.64, 'https://maxpreps.com/highlights/jordansmith'),
(75, 75, 260, 18, 4.4, 63, 14.4, 0.62, 'https://maxpreps.com/highlights/skylersmith'),
(76, 76, 330, 22, 3.5, 92, 15.0, 0.68, 'https://maxpreps.com/highlights/rileygarcia2'),
(77, 77, 315, 21, 3.7, 85, 15.0, 0.66, 'https://maxpreps.com/highlights/morganjohnson'),
(78, 78, 295, 20, 3.9, 78, 14.8, 0.65, 'https://maxpreps.com/highlights/alexjones'),
(79, 79, 320, 21, 3.2, 90, 15.2, 0.63, 'https://maxpreps.com/highlights/jamiebrown'),
(80, 80, 310, 21, 3.8, 82, 14.8, 0.67, 'https://maxpreps.com/highlights/jordanwilliams'),
(81, 81, 60, 20, 1.0, 10, 3.0, 0.65, 'https://maxpreps.com/highlights/morganjohnson2'),
(82, 82, 250, 22, 3.5, 60, 11.4, 0.68, 'https://maxpreps.com/highlights/skylerbrown'),
(83, 83, 265, 22, 3.7, 65, 12.0, 0.66, 'https://maxpreps.com/highlights/rileyjones'),
(84, 84, 55, 21, 0.9, 12, 2.6, 0.62, 'https://maxpreps.com/highlights/jamiesmith'),
(85, 85, 50, 20, 1.1, 15, 2.5, 0.60, 'https://maxpreps.com/highlights/skylermartinez'),
(86, 86, 120, 14, 1.5, 95, 8.6, 0.60, 'https://maxpreps.com/highlights/jamiedavis'),
(87, 87, 180, 14, 12.5, 45, 12.9, 0.65, 'https://maxpreps.com/highlights/taylorjohnson'),
(88, 88, 155, 14, 2.2, 55, 11.1, 0.70, 'https://maxpreps.com/highlights/rileyjones2'),
(89, 89, 165, 14, 1.8, 30, 11.8, 0.67, 'https://maxpreps.com/highlights/jamiegarcia'),
(90, 90, 110, 14, 1.2, 85, 7.9, 0.62, 'https://maxpreps.com/highlights/morgandavis'),
(91, 91, 150, 22, 12.2, 180, 6.8, 0.65, 'https://maxpreps.com/highlights/jordandavis'),
(92, 92, 140, 22, 24.5, 120, 6.4, 0.62, 'https://maxpreps.com/highlights/rileymartinez2'),
(93, 93, 180, 22, 2.2, 210, 8.2, 0.58, 'https://maxpreps.com/highlights/quinnjones'),
(94, 94, 170, 22, 23.8, 125, 7.7, 0.60, 'https://maxpreps.com/highlights/alexsmith2'),
(95, 95, 195, 22, 3.5, 190, 8.9, 0.63, 'https://maxpreps.com/highlights/alexmartinez'),
(96, 96, 210, 15, 0.5, 15, 14.0, 0.75, 'https://maxpreps.com/highlights/rileywilliams'),
(97, 97, 195, 14, 0.4, 14, 13.9, 0.72, 'https://maxpreps.com/highlights/jordanjones'),
(98, 98, 220, 16, 0.6, 18, 13.8, 0.78, 'https://maxpreps.com/highlights/rileyjohnson'),
(99, 99, 200, 15, 0.3, 16, 13.3, 0.74, 'https://maxpreps.com/highlights/quinnmartinez'),
(100, 100, 215, 16, 0.5, 17, 13.4, 0.76, 'https://maxpreps.com/highlights/jordanmartinez2'),
(101, 101, 328, 22, 3.2, 96, 14.9, 0.67, 'https://maxpreps.com/highlights/morgandavis2'),
(102, 102, 295, 20, 3.7, 78, 14.8, 0.65, 'https://maxpreps.com/highlights/skylerjohnson'),
(103, 103, 302, 21, 3.5, 80, 14.4, 0.64, 'https://maxpreps.com/highlights/taylordavis'),
(104, 104, 315, 21, 3.9, 82, 15.0, 0.66, 'https://maxpreps.com/highlights/jordanrodriguez2'),
(105, 105, 280, 19, 4.6, 65, 14.7, 0.68, 'https://maxpreps.com/highlights/alexsmith3'),
(106, 106, 335, 22, 3.4, 94, 15.2, 0.65, 'https://maxpreps.com/highlights/quinnsmith'),
(107, 107, 305, 20, 3.8, 79, 15.3, 0.64, 'https://maxpreps.com/highlights/alexwilliams'),
(108, 108, 270, 19, 4.5, 64, 14.2, 0.67, 'https://maxpreps.com/highlights/jamiewilliams'),
(109, 109, 340, 22, 3.2, 98, 15.5, 0.63, 'https://maxpreps.com/highlights/taylorsmith3'),
(110, 110, 300, 20, 3.8, 80, 15.0, 0.66, 'https://maxpreps.com/highlights/rileyjohnson2'),
(111, 111, 275, 19, 4.8, 64, 14.5, 0.68, 'https://maxpreps.com/highlights/caseyrodriguez3'),
(112, 112, 330, 21, 3.3, 92, 15.7, 0.64, 'https://maxpreps.com/highlights/skylerwilliams'),
(113, 113, 285, 19, 4.7, 66, 15.0, 0.67, 'https://maxpreps.com/highlights/alexgarcia2'),
(114, 114, 310, 21, 3.6, 82, 14.8, 0.65, 'https://maxpreps.com/highlights/taylorrodriguez'),
(115, 115, 280, 19, 4.8, 65, 14.7, 0.69, 'https://maxpreps.com/highlights/morganmartinez'),
(116, 116, 275, 19, 4.6, 64, 14.5, 0.67, 'https://maxpreps.com/highlights/alexjones2'),
(117, 117, 295, 20, 3.7, 78, 14.8, 0.65, 'https://maxpreps.com/highlights/rileywilliams2'),
(118, 118, 300, 20, 3.8, 76, 15.0, 0.66, 'https://maxpreps.com/highlights/morganmartinez2'),
(119, 119, 270, 19, 4.5, 63, 14.2, 0.68, 'https://maxpreps.com/highlights/skylermartinez2'),
(120, 120, 275, 19, 4.7, 65, 14.5, 0.67, 'https://maxpreps.com/highlights/caseyjones2'),
(121, 121, 305, 20, 3.6, 80, 15.3, 0.65, 'https://maxpreps.com/highlights/jamiedavis2'),
(122, 122, 280, 19, 4.8, 65, 14.7, 0.68, 'https://maxpreps.com/highlights/jordandavis2'),
(123, 123, 330, 21, 3.4, 94, 15.7, 0.64, 'https://maxpreps.com/highlights/caseywilliams'),
(124, 124, 300, 20, 3.7, 82, 15.0, 0.66, 'https://maxpreps.com/highlights/jordanwilliams2'),
(125, 125, 310, 21, 3.6, 81, 14.8, 0.65, 'https://maxpreps.com/highlights/taylorrodriguez2'),
(126, 126, 275, 19, 4.7, 64, 14.5, 0.68, 'https://maxpreps.com/highlights/jordanmartinez3'),
(127, 127, 280, 19, 4.6, 66, 14.7, 0.67, 'https://maxpreps.com/highlights/morganmartinez3'),
(128, 128, 270, 19, 4.5, 63, 14.2, 0.68, 'https://maxpreps.com/highlights/caseysmith'),
(129, 129, 315, 21, 3.8, 83, 15.0, 0.65, 'https://maxpreps.com/highlights/morgansmith'),
(130, 130, 305, 20, 3.7, 79, 15.3, 0.66, 'https://maxpreps.com/highlights/skylerrodriguez'),
(131, 131, 310, 21, 3.6, 80, 14.8, 0.65, 'https://maxpreps.com/highlights/morganbrown'),
(132, 132, 325, 21, 3.2, 95, 15.5, 0.63, 'https://maxpreps.com/highlights/caseyjohnson2'),
(133, 133, 295, 20, 3.8, 78, 14.8, 0.66, 'https://maxpreps.com/highlights/skylermartinez3'),
(134, 134, 270, 19, 4.6, 63, 14.2, 0.68, 'https://maxpreps.com/highlights/caseybrown'),
(135, 135, 275, 19, 4.5, 65, 14.5, 0.67, 'https://maxpreps.com/highlights/caseygarcia'),
(136, 136, 305, 20, 3.7, 80, 15.3, 0.65, 'https://maxpreps.com/highlights/rileyjohnson3'),
(137, 137, 335, 22, 3.3, 94, 15.2, 0.64, 'https://maxpreps.com/highlights/skylergarcia2'),
(138, 138, 280, 19, 4.7, 66, 14.7, 0.68, 'https://maxpreps.com/highlights/jamiejohnson'),
(139, 139, 340, 22, 3.2, 97, 15.5, 0.63, 'https://maxpreps.com/highlights/jordansmith2'),
(140, 140, 275, 19, 4.8, 64, 14.5, 0.69, 'https://maxpreps.com/highlights/taylorjones2'),
(141, 141, 300, 20, 3.8, 79, 15.0, 0.66, 'https://maxpreps.com/highlights/alexdavis2'),
(142, 142, 280, 19, 4.6, 65, 14.7, 0.68, 'https://maxpreps.com/highlights/skylergarcia3'),
(143, 143, 335, 22, 3.4, 95, 15.2, 0.64, 'https://maxpreps.com/highlights/rileyrodriguez'),
(144, 144, 340, 22, 3.3, 98, 15.5, 0.63, 'https://maxpreps.com/highlights/morganrodriguez'),
(145, 145, 275, 19, 4.7, 64, 14.5, 0.67, 'https://maxpreps.com/highlights/jordanwilliams3'),
(146, 146, 330, 21, 3.2, 96, 15.7, 0.64, 'https://maxpreps.com/highlights/caseysmith2'),
(147, 147, 305, 20, 3.7, 80, 15.3, 0.66, 'https://maxpreps.com/highlights/quinnwilliams'),
(148, 148, 335, 22, 3.4, 94, 15.2, 0.63, 'https://maxpreps.com/highlights/alexmartinez2'),
(149, 149, 270, 19, 4.8, 63, 14.2, 0.68, 'https://maxpreps.com/highlights/jordanbrown2'),
(150, 150, 340, 22, 3.3, 97, 15.5, 0.64, 'https://maxpreps.com/highlights/skylerwilliams2'),
(151, 151, 275, 19, 4.7, 65, 14.5, 0.68, 'https://maxpreps.com/highlights/alexjones3'),
(152, 152, 280, 19, 4.6, 66, 14.7, 0.67, 'https://maxpreps.com/highlights/skylerrodriguez2'),
(153, 153, 285, 19, 4.5, 67, 15.0, 0.66, 'https://maxpreps.com/highlights/skylerbrown2'),
(154, 154, 310, 21, 3.6, 82, 14.8, 0.65, 'https://maxpreps.com/highlights/morganmartinez4'),
(155, 155, 330, 21, 3.3, 95, 15.7, 0.63, 'https://maxpreps.com/highlights/jordanrodriguez3'),
(156, 156, 335, 22, 3.4, 96, 15.2, 0.64, 'https://maxpreps.com/highlights/rileygarcia3'),
(157, 157, 305, 20, 3.7, 81, 15.3, 0.66, 'https://maxpreps.com/highlights/morgandavis3'),
(158, 158, 280, 19, 4.8, 65, 14.7, 0.68, 'https://maxpreps.com/highlights/skylergarcia4'),
(159, 159, 335, 22, 3.2, 97, 15.2, 0.63, 'https://maxpreps.com/highlights/jamiejones'),
(160, 160, 310, 21, 3.8, 80, 14.8, 0.66, 'https://maxpreps.com/highlights/taylorsmith4'),
(161, 161, 335, 22, 3.3, 95, 15.2, 0.64, 'https://maxpreps.com/highlights/skylermartinez4'),
(162, 162, 275, 19, 4.7, 64, 14.5, 0.69, 'https://maxpreps.com/highlights/taylormartinez'),
(163, 163, 340, 22, 3.2, 98, 15.5, 0.63, 'https://maxpreps.com/highlights/rileysmith'),
(164, 164, 280, 19, 4.6, 66, 14.7, 0.68, 'https://maxpreps.com/highlights/morgansmith2'),
(165, 165, 305, 20, 3.7, 81, 15.3, 0.65, 'https://maxpreps.com/highlights/quinnjones2'),
(166, 166, 295, 20, 3.8, 78, 14.8, 0.66, 'https://maxpreps.com/highlights/skylerjohnson2'),
(167, 167, 280, 19, 4.7, 65, 14.7, 0.68, 'https://maxpreps.com/highlights/rileygarcia4'),
(168, 168, 335, 22, 3.3, 94, 15.2, 0.63, 'https://maxpreps.com/highlights/taylorsmith5'),
(169, 169, 340, 22, 3.2, 97, 15.5, 0.64, 'https://maxpreps.com/highlights/jordanbrown3'),
(170, 170, 300, 20, 3.7, 79, 15.0, 0.66, 'https://maxpreps.com/highlights/jamiejones2'),
(171, 171, 295, 20, 3.6, 78, 14.8, 0.65, 'https://maxpreps.com/highlights/skylerjohnson3'),
(172, 172, 310, 21, 3.8, 80, 14.8, 0.66, 'https://maxpreps.com/highlights/taylorsmith6'),
(173, 173, 305, 20, 3.7, 79, 15.3, 0.65, 'https://maxpreps.com/highlights/jamierodriguez2'),
(174, 174, 335, 22, 3.3, 96, 15.2, 0.63, 'https://maxpreps.com/highlights/quinnjohnson'),
(175, 175, 300, 20, 3.8, 78, 15.0, 0.66, 'https://maxpreps.com/highlights/jordangarcia'),
(176, 176, 330, 21, 3.2, 95, 15.7, 0.64, 'https://maxpreps.com/highlights/skylerdavis'),
(177, 177, 305, 20, 3.7, 80, 15.3, 0.66, 'https://maxpreps.com/highlights/jamierodriguez3'),
(178, 178, 295, 20, 3.8, 78, 14.8, 0.65, 'https://maxpreps.com/highlights/caseywilliams2'),
(179, 179, 340, 22, 3.3, 97, 15.5, 0.63, 'https://maxpreps.com/highlights/caseydavis2'),
(180, 180, 300, 20, 3.6, 79, 15.0, 0.66, 'https://maxpreps.com/highlights/jamiejohnson2'),
(181, 181, 280, 19, 4.8, 65, 14.7, 0.68, 'https://maxpreps.com/highlights/alexdavis3'),
(182, 182, 275, 19, 4.7, 64, 14.5, 0.67, 'https://maxpreps.com/highlights/jordandavis3'),
(183, 183, 335, 22, 3.4, 96, 15.2, 0.64, 'https://maxpreps.com/highlights/jordangarcia2'),
(184, 184, 285, 19, 4.6, 67, 15.0, 0.69, 'https://maxpreps.com/highlights/quinnmartinez2'),
(185, 185, 330, 21, 3.2, 95, 15.7, 0.63, 'https://maxpreps.com/highlights/rileymartinez3'),
(186, 186, 335, 22, 3.3, 97, 15.2, 0.64, 'https://maxpreps.com/highlights/skylerdavis2'),
(187, 187, 305, 20, 3.7, 80, 15.3, 0.66, 'https://maxpreps.com/highlights/caseywilliams3'),
(188, 188, 295, 20, 3.8, 77, 14.8, 0.65, 'https://maxpreps.com/highlights/alexjones4'),
(189, 189, 300, 20, 3.7, 78, 15.0, 0.67, 'https://maxpreps.com/highlights/jamiejones3'),
(190, 190, 295, 20, 3.6, 79, 14.8, 0.65, 'https://maxpreps.com/highlights/jordanbrown4'),
(191, 191, 335, 22, 3.4, 95, 15.2, 0.63, 'https://maxpreps.com/highlights/taylorrodriguez3'),
(192, 192, 280, 19, 4.7, 65, 14.7, 0.68, 'https://maxpreps.com/highlights/rileyjohnson4'),
(193, 193, 340, 22, 3.3, 98, 15.5, 0.64, 'https://maxpreps.com/highlights/jamiegarcia2'),
(194, 194, 330, 21, 3.2, 96, 15.7, 0.63, 'https://maxpreps.com/highlights/taylorgarcia'),
(195, 195, 305, 20, 3.8, 80, 15.3, 0.66, 'https://maxpreps.com/highlights/caseywilliams4'),
(196, 196, 280, 19, 4.8, 64, 14.7, 0.68, 'https://maxpreps.com/highlights/taylorbrown2'),
(197, 197, 275, 19, 4.6, 65, 14.5, 0.67, 'https://maxpreps.com/highlights/jamiewilliams2'),
(198, 198, 285, 19, 4.7, 67, 15.0, 0.69, 'https://maxpreps.com/highlights/rileyjones2'),
(199, 199, 330, 21, 3.3, 94, 15.7, 0.64, 'https://maxpreps.com/highlights/taylordavis2'),
(200, 200, 310, 21, 3.7, 82, 14.8, 0.66, 'https://maxpreps.com/highlights/quinndavis2'),
(201, 201, 275, 19, 4.8, 64, 14.5, 0.68, 'https://maxpreps.com/highlights/taylordavis3'),
(202, 202, 335, 22, 3.2, 97, 15.2, 0.63, 'https://maxpreps.com/highlights/morganrodriguez2'),
(203, 203, 285, 19, 4.6, 66, 15.0, 0.67, 'https://maxpreps.com/highlights/rileyjohnson5'),
(204, 204, 340, 22, 3.3, 98, 15.5, 0.64, 'https://maxpreps.com/highlights/jordandavis4'),
(205, 205, 280, 19, 4.7, 65, 14.7, 0.69, 'https://maxpreps.com/highlights/jordanjones2'),
(206, 206, 305, 20, 3.8, 79, 15.3, 0.66, 'https://maxpreps.com/highlights/skylerwilliams3'),
(207, 207, 335, 22, 3.4, 96, 15.2, 0.64, 'https://maxpreps.com/highlights/caseyjohnson3'),
(208, 208, 295, 20, 3.7, 78, 14.8, 0.65, 'https://maxpreps.com/highlights/taylorbrown3'),
(209, 209, 330, 21, 3.2, 95, 15.7, 0.63, 'https://maxpreps.com/highlights/quinnjohnson2'),
(210, 210, 275, 19, 4.8, 63, 14.5, 0.68, 'https://maxpreps.com/highlights/jordandavis5'),
(211, 211, 280, 19, 4.7, 65, 14.7, 0.67, 'https://maxpreps.com/highlights/rileydavis2'),
(212, 212, 285, 19, 4.6, 67, 15.0, 0.69, 'https://maxpreps.com/highlights/jordanjohnson'),
(213, 213, 340, 22, 3.3, 97, 15.5, 0.63, 'https://maxpreps.com/highlights/morgangarcia'),
(214, 214, 335, 22, 3.4, 95, 15.2, 0.64, 'https://maxpreps.com/highlights/rileygarcia5'),
(215, 215, 275, 19, 4.8, 64, 14.5, 0.68, 'https://maxpreps.com/highlights/alexbrown'),
(216, 216, 305, 20, 3.7, 80, 15.3, 0.66, 'https://maxpreps.com/highlights/rileybrown'),
(217, 217, 300, 20, 3.6, 79, 15.0, 0.65, 'https://maxpreps.com/highlights/quinnmartinez3'),
(218, 218, 310, 21, 3.8, 82, 14.8, 0.67, 'https://maxpreps.com/highlights/taylorsmith7'),
(219, 219, 295, 20, 3.7, 78, 14.8, 0.66, 'https://maxpreps.com/highlights/morganjones'),
(220, 220, 300, 20, 3.8, 79, 15.0, 0.65, 'https://maxpreps.com/highlights/jamiegarcia3'),
(221, 221, 335, 22, 3.2, 96, 15.2, 0.63, 'https://maxpreps.com/highlights/jordanrodriguez4'),
(222, 222, 305, 20, 3.7, 80, 15.3, 0.66, 'https://maxpreps.com/highlights/alexjones5'),
(223, 223, 340, 22, 3.3, 98, 15.5, 0.64, 'https://maxpreps.com/highlights/skylermartinez5'),
(224, 224, 330, 21, 3.4, 95, 15.7, 0.63, 'https://maxpreps.com/highlights/rileyrodriguez2'),
(225, 225, 335, 22, 3.2, 97, 15.2, 0.64, 'https://maxpreps.com/highlights/alexjohnson'),
(226, 226, 340, 22, 3.3, 98, 15.5, 0.63, 'https://maxpreps.com/highlights/rileydavis3'),
(227, 227, 300, 20, 3.7, 79, 15.0, 0.66, 'https://maxpreps.com/highlights/alexjohnson2'),
(228, 228, 335, 22, 3.4, 96, 15.2, 0.64, 'https://maxpreps.com/highlights/skylerdavis3'),
(229, 229, 280, 19, 4.8, 65, 14.7, 0.69, 'https://maxpreps.com/highlights/quinnmartinez4'),
(230, 230, 330, 21, 3.2, 95, 15.7, 0.63, 'https://maxpreps.com/highlights/morganjones2'),
(231, 231, 285, 19, 4.7, 66, 15.0, 0.68, 'https://maxpreps.com/highlights/skylerjones'),
(232, 232, 335, 22, 3.3, 97, 15.2, 0.64, 'https://maxpreps.com/highlights/jamiejohnson3'),
(233, 233, 305, 20, 3.8, 80, 15.3, 0.66, 'https://maxpreps.com/highlights/jordanjones3'),
(234, 234, 340, 22, 3.4, 98, 15.5, 0.63, 'https://maxpreps.com/highlights/morgangarcia2'),
(235, 235, 275, 19, 4.8, 64, 14.5, 0.68, 'https://maxpreps.com/highlights/jamiebrown2'),
(236, 236, 335, 22, 3.2, 96, 15.2, 0.64, 'https://maxpreps.com/highlights/rileywilliams3'),
(237, 237, 310, 21, 3.7, 82, 14.8, 0.66, 'https://maxpreps.com/highlights/taylorjohnson2'),
(238, 238, 280, 19, 4.7, 65, 14.7, 0.68, 'https://maxpreps.com/highlights/skylerdavis4'),
(239, 239, 335, 22, 3.3, 97, 15.2, 0.63, 'https://maxpreps.com/highlights/skylersmith2'),
(240, 240, 285, 19, 4.6, 67, 15.0, 0.67, 'https://maxpreps.com/highlights/rileydavis4'),
(241, 241, 280, 19, 4.8, 64, 14.7, 0.68, 'https://maxpreps.com/highlights/skylerrodriguez3'),
(242, 242, 305, 20, 3.7, 80, 15.3, 0.66, 'https://maxpreps.com/highlights/alexjohnson3'),
(243, 243, 285, 19, 4.6, 67, 15.0, 0.67, 'https://maxpreps.com/highlights/quinnrodriguez'),
(244, 244, 340, 22, 3.3, 98, 15.5, 0.63, 'https://maxpreps.com/highlights/quinnwilliams2'),
(245, 245, 300, 20, 3.8, 79, 15.0, 0.66, 'https://maxpreps.com/highlights/jordanjones4'),
(246, 246, 335, 22, 3.4, 96, 15.2, 0.64, 'https://maxpreps.com/highlights/taylorjohnson3'),
(247, 247, 340, 22, 3.3, 97, 15.5, 0.63, 'https://maxpreps.com/highlights/taylorgarcia2'),
(248, 248, 335, 22, 3.2, 95, 15.2, 0.64, 'https://maxpreps.com/highlights/jamiewilliams3'),
(249, 249, 330, 21, 3.4, 96, 15.7, 0.63, 'https://maxpreps.com/highlights/rileydavis5'),
(250, 250, 305, 20, 3.7, 79, 15.3, 0.66, 'https://maxpreps.com/highlights/jordansmith3');


INSERT INTO SchoolsOfInterest (InterestID, PlayerID, TeamID, Name, RecruitmentProgress, Location) VALUES
(1, 1, 123, 'UC Berkeley', 'Contacted Coach', 'Berkeley, CA'),
(2, 2, 456, 'Duke University', 'Contacted coach', 'Durham, NC'),
(3, 3, 1001, 'Stanford University', 'Received offer', 'Stanford, CA'),
(4, 4, 1002, 'University of Michigan', 'Interested', 'Ann Arbor, MI'),
(5, 1, 1003, 'UCLA', 'School visit', 'Los Angeles, CA'),
(6, 1, 1004, 'Ohio State University', 'Contacted coach', 'Columbus, OH'),
(7, 7, 1005, 'Florida State University', 'Interested', 'Tallahassee, FL'),
(8, 8, 1006, 'Texas A&M University', 'School visit', 'College Station, TX'),
(9, 9, 1007, 'University of Notre Dame', 'Offered scholarship', 'South Bend, IN'),
(10, 10, 1008, 'Northwestern University', 'Contacted coach', 'Evanston, IL'),
(11, 11, 1009, 'Harvard University', 'Interested', 'Cambridge, MA'),
(12, 1, 1010, 'Princeton University', 'School visit', 'Princeton, NJ'),
(13, 13, 1011, 'Penn State University', 'Attended camp', 'University Park, PA'),
(14, 14, 1012, 'Purdue University', 'Contacted coach', 'West Lafayette, IN'),
(15, 15, 1013, 'University of Oregon', 'School visit', 'Eugene, OR'),
(16, 16, 1014, 'University of Washington', 'Contacted coach', 'Seattle, WA'),
(17, 1, 1015, 'Georgia Tech', 'Offered scholarship', 'Atlanta, GA'),
(18, 18, 1016, 'University of Miami', 'Interested', 'Miami, FL'),
(19, 19, 1017, 'Cornell University', 'Attended camp', 'Ithaca, NY'),
(20, 20, 1018, 'Vanderbilt University', 'Contacted coach', 'Nashville, TN'),
(21, 21, 1019, 'Boston College', 'School visit', 'Chestnut Hill, MA'),
(22, 22, 1020, 'University of Chicago', 'Interested', 'Chicago, IL'),
(23, 23, 1021, 'New York University', 'Contacted coach', 'New York, NY'),
(24, 24, 1022, 'University of Southern California', 'School visit', 'Los Angeles, CA'),
(25, 25, 1023, 'University of Florida', 'Interested', 'Gainesville, FL'),
(26, 26, 1024, 'University of Arizona', 'Contacted coach', 'Tucson, AZ'),
(27, 27, 1025, 'Columbia University', 'School visit', 'New York, NY'),
(28, 28, 1026, 'University of Wisconsin', 'Interested', 'Madison, WI'),
(29, 29, 1027, 'University of Minnesota', 'School visit', 'Minneapolis, MN'),
(30, 30, 1028, 'University of Kansas', 'Contacted coach', 'Lawrence, KS'),
(31, 31, 1029, 'Baylor University', 'Attended camp', 'Waco, TX'),
(32, 32, 1030, 'University of Georgia', 'School visit', 'Athens, GA'),
(33, 33, 1031, 'University of Kentucky', 'Interested', 'Lexington, KY'),
(34, 1, 1032, 'Indiana University', 'Contacted coach', 'Bloomington, IN'),
(35, 35, 1033, 'University of Tennessee', 'Attended camp', 'Knoxville, TN'),
(36, 36, 1034, 'University of Iowa', 'School visit', 'Iowa City, IA'),
(37, 1, 1035, 'Texas Tech University', 'Interested', 'Lubbock, TX'),
(38, 38, 1036, 'University of Colorado', 'Contacted coach', 'Boulder, CO'),
(39, 39, 1037, 'Syracuse University', 'School visit', 'Syracuse, NY'),
(40, 40, 1038, 'Wake Forest University', 'Interested', 'Winston-Salem, NC');

INSERT INTO AthleteEvent (PlayerID, EventID) VALUES

(1, 1), (2, 1), (3, 1), (4, 1), (5, 1);

INSERT INTO AthleteRecruiter (PlayerID, RecruiterID) VALUES
(1, 301), (1, 302),
(2, 301), (2, 304),
(3, 302), (3, 305),
(4, 306), (4, 303),
(5, 307), (5, 308), (5, 309),
(6, 310), (6, 311),
(7, 312), (7, 313),
(8, 314), (8, 315), (8, 316),
(9, 317), (9, 318),
(10, 319), (10, 320),
(11, 321), (11, 322), (11, 323),
(12, 324), (12, 325),
(13, 326), (13, 327),
(14, 328), (14, 329),
(15, 330), (15, 331), (15, 332),
(16, 333), (16, 334),
(17, 335), (17, 336),
(18, 337), (18, 338), (18, 339),
(19, 340), (19, 301),
(20, 302), (20, 303),
(21, 304), (21, 305),
(22, 306), (22, 307),
(23, 308), (23, 309),
(24, 310), (24, 311),
(25, 312), (25, 313),
(26, 314), (26, 315), (26, 316),
(27, 317), (27, 318),
(28, 319), (28, 320),
(29, 321), (29, 322),
(30, 323), (30, 324),
(31, 325), (31, 326),
(32, 327), (32, 328),
(33, 330), (33, 331),
(34, 332), (34, 333),
(35, 334), (35, 335),
(36, 336), (36, 337),
(37, 339), (37, 340),
(38, 301), (38, 302),
(39, 303), (39, 304),
(40, 305), (40, 306),
(41, 307), (41, 308),
(42, 309), (42, 310),
(43, 312), (43, 313),
(44, 314), (44, 315),
(45, 316), (45, 317),
(46, 318), (46, 319),
(47, 320), (47, 321),
(48, 322), (48, 323),
(49, 325), (49, 326),
(50, 327), (50, 328),
(1, 303), (48, 324),
(42, 311), (36, 338),
(32, 329);

INSERT INTO AthleteInterestedSchools (PlayerID, InterestID) VALUES
(1, 1), (1, 2), (1, 3),
(2, 2), (2, 4),
(3, 3), (3, 5),
(4, 6), (4, 4),
(5, 7), (5, 8), (5, 9),
(6, 10), (6, 11),
(7, 12), (7, 13),
(8, 14), (8, 15), (8, 16),
(9, 17), (9, 18),
(10, 19), (10, 20),
(11, 21), (11, 22), (11, 23),
(12, 24), (12, 25),
(13, 26), (13, 27),
(14, 28), (14, 29),
(15, 30), (15, 31), (15, 32),
(16, 33), (16, 34),
(17, 35), (17, 36),
(18, 37), (18, 38), (18, 39),
(19, 40), (19, 1),
(20, 2), (20, 3),
(21, 4), (21, 5),
(22, 6), (22, 7),
(23, 8), (23, 9),
(24, 10), (24, 11),
(25, 12), (25, 13),
(26, 14), (26, 15), (26, 16),
(27, 17), (27, 18),
(28, 19), (28, 20),
(29, 21), (29, 22),
(30, 23), (30, 24),
(31, 25), (31, 26),
(32, 27), (32, 28), (32, 29),
(33, 30), (33, 31),
(34, 32), (34, 33),
(35, 34), (35, 35),
(36, 36), (36, 37), (36, 38),
(37, 39), (37, 40),
(38, 1), (38, 2),
(39, 3), (39, 4),
(40, 5), (40, 6),
(41, 7), (41, 8),
(42, 9), (42, 10), (42, 11),
(43, 12), (43, 13),
(44, 14), (44, 15),
(45, 16), (45, 17),
(46, 18), (46, 19),
(47, 20), (47, 21),
(48, 22), (48, 23), (48, 24),
(49, 25), (49, 26),
(50, 27), (50, 28);