DROP DATABASE IF EXISTS project;
CREATE DATABASE project;
USE project;

CREATE TABLE Contact (
    ContactID INT PRIMARY KEY,
    Phone VARCHAR(20),
    Email VARCHAR(100),
    Address TEXT
);

CREATE TABLE Coach (
    CoachID INT PRIMARY KEY,
    FirstName VARCHAR(50),
    LastName VARCHAR(50),
    ContactID INT,
    FOREIGN KEY (ContactID) REFERENCES Contact(ContactID)
);

CREATE TABLE Strategies (
    StrategyID INT PRIMARY KEY,
    Name VARCHAR(100),
    Type VARCHAR(50),
    Description TEXT
);

CREATE TABLE Team (
    TeamID INT PRIMARY KEY,
    TeamName VARCHAR(100),
    HighSchoolName VARCHAR(100),
    State VARCHAR(50),
    Sport VARCHAR(50),
    Record VARCHAR(20),
    CoachID INT,
    StrategyID INT,
    FOREIGN KEY (CoachID) REFERENCES Coach(CoachID),
    FOREIGN KEY (StrategyID) REFERENCES Strategies(StrategyID)
);

CREATE TABLE CollegeTeam (
    TeamID INT PRIMARY KEY,
    Name VARCHAR(100),
    TeamSize INT,
    Division VARCHAR(50)
);

CREATE TABLE Recruiter (
    RecruiterID INT PRIMARY KEY,
    FirstName VARCHAR(50),
    LastName VARCHAR(50),
    University VARCHAR(100),
    TeamID INT,
    FOREIGN KEY (TeamID) REFERENCES CollegeTeam(TeamID)
);

CREATE TABLE RecruitingEvents (
    EventID INT PRIMARY KEY,
    DateTime DATETIME,
    Location VARCHAR(100),
    RecruiterID INT,
    FOREIGN KEY (RecruiterID) REFERENCES Recruiter(RecruiterID)
);

CREATE TABLE AthleticDirector (
    DirectorID INT PRIMARY KEY,
    FirstName VARCHAR(50),
    LastName VARCHAR(50),
    YearsExperience INT
);

CREATE TABLE Game (
    GameID INT PRIMARY KEY,
    Date DATE,
    Time TIME,
    Location VARCHAR(100),
    HomeTeamID INT,
    AwayTeamID INT,
    DirectorID INT,
    FOREIGN KEY (HomeTeamID) REFERENCES Team(TeamID),
    FOREIGN KEY (AwayTeamID) REFERENCES Team(TeamID),
    FOREIGN KEY (DirectorID) REFERENCES AthleticDirector(DirectorID)
);

CREATE TABLE Practice (
    PracticeID INT PRIMARY KEY,
    Date DATE,
    Time TIME,
    Location VARCHAR(100),
    TeamID INT,
    DirectorID INT,
    FOREIGN KEY (TeamID) REFERENCES Team(TeamID),
    FOREIGN KEY (DirectorID) REFERENCES AthleticDirector(DirectorID)
);

CREATE TABLE Athlete (
    PlayerID INT PRIMARY KEY,
    FirstName VARCHAR(50),
    LastName VARCHAR(50),
    Gender VARCHAR(10),
    GPA FLOAT,
    GradeLevel INT,
    Height FLOAT,
    Position VARCHAR(50),
    RecruitmentStatus VARCHAR(50),
    ContactID INT,
    TeamID INT,
    FOREIGN KEY (ContactID) REFERENCES Contact(ContactID),
    FOREIGN KEY (TeamID) REFERENCES Team(TeamID)
);

CREATE TABLE AthleteStats (
    StatsID INT PRIMARY KEY,
    PlayerID INT,
    TotalPoints INT,
    GamesPlayed INT,
    AssistsPerGame FLOAT,
    Rebounds INT,
    PointsPerGame FLOAT,
    FreeThrowPercentage FLOAT,
    HighlightsURL TEXT,
    FOREIGN KEY (PlayerID) REFERENCES Athlete(PlayerID)
);

CREATE TABLE SchoolsOfInterest (
    InterestID INT PRIMARY KEY,
    PlayerID INT,
    TeamID INT,
    Name VARCHAR(100),
    RecruitmentProgress VARCHAR(100),
    Location VARCHAR(100),
    FOREIGN KEY (PlayerID) REFERENCES Athlete(PlayerID),
    FOREIGN KEY (TeamID) REFERENCES CollegeTeam(TeamID)
);

CREATE TABLE AthleteEvent (
    PlayerID INT,
    EventID INT,
    PRIMARY KEY (PlayerID, EventID),
    FOREIGN KEY (PlayerID) REFERENCES Athlete(PlayerID),
    FOREIGN KEY (EventID) REFERENCES RecruitingEvents(EventID)
);

CREATE TABLE AthleteRecruiter (
    PlayerID INT,
    RecruiterID INT,
    PRIMARY KEY (PlayerID, RecruiterID),
    FOREIGN KEY (PlayerID) REFERENCES Athlete(PlayerID),
    FOREIGN KEY (RecruiterID) REFERENCES Recruiter(RecruiterID)
);

CREATE TABLE AthleteInterestedSchools (
    PlayerID INT,
    InterestID INT,
    PRIMARY KEY (PlayerID, InterestID),
    FOREIGN KEY (PlayerID) REFERENCES Athlete(PlayerID),
    FOREIGN KEY (InterestID) REFERENCES SchoolsOfInterest(InterestID)
);

INSERT INTO Contact (ContactID, Phone, Email, Address) VALUES
(1, '8018320747', 'troybolton@easthigh.edu', '3642 Lang Avenue'),
(2, '8012925389', 'chaddanforth@easthigh.edu', '3642 Lang Avenue'),
(3, '8012934567', 'zekebaylor@easthigh.edu', '900 West Temple Street'),
(4, '8017487170', 'ryanevans@easthigh.edu', '2516 Hickory Street'),
(5, '8012931234', 'ethanbryant@easthigh.edu', '122 Oak Lane'),
(6, '8013871234', 'lucasnguyen@easthigh.edu', '200 Redwood Dr'),
(7, '8013864321', 'tylerscott@easthigh.edu', '108 Sycamore Street'),
(8, '8011237890', 'masonprice@easthigh.edu', '4567 River Road'),
(9, '5306905699', 'gabriella@centralhigh.edu', '1660 Providence Lane'),
(10, '5301234567', 'martha.cox@centralhigh.edu', '123 Bear Blvd'),
(11, '5309876543', 'kelsinielsen@centralhigh.edu', '542 Campus Ave'),
(12, '5300001122', 'susanlake@centralhigh.edu', '4700 Central St'),
(13, '5309099090', 'taylormckessie@centralhigh.edu', '1200 Hill Road'),
(14, '5304041234', 'sharpay.evans@centralhigh.edu', '7848 Sunset Court'),
(15, '3178834444', 'nina.thomas@centralhigh.edu', '14 Magnolia Ave'),
(16, '3172219988', 'lily.johnson@centralhigh.edu', '300 Springwood Way'),
(17, '3176630012', 'rachelgreen@westhigh.edu', '91 Aspen Circle'),
(18, '3176638899', 'emilyrose@westhigh.edu', '54 Willow Bend'),
(19, '3175524422', 'avery.lopez@westhigh.edu', '230 Eagle Creek'),
(20, '3176643344', 'chloe.davis@westhigh.edu', '77 Lakehurst Drive'),
(201, '4081230001', 'marcus.foster@easthigh.edu', '100 Coach Lane'),
(202, '4081230002', 'erica.rodriguez@easthigh.edu', '101 Coach Lane'),
(203, '4081230003', 'simon.clark@northhigh.edu', '200 Panther Blvd'),
(204, '4081230004', 'denise.woods@westhigh.edu', '789 Gridiron Way'),
(205, '4081230005', 'robert.nguyen@centralhigh.edu', '456 Sideline Ct'),
(206, '4081230006', 'tamara.bell@southhigh.edu', '333 Victory Road'),
(207, '4081230007', 'jason.myers@libertyhigh.edu', '77 Titan Trail'),
(208, '4081230008', 'amanda.garrett@riverhigh.edu', '12 Coachville Ave'),
(209, '4081230009', 'trevor.white@oceanview.edu', '198 Ocean Ave'),
(210, '4081230010', 'monica.hughes@maplewood.edu', '600 Maple Hill'),
(301, '5306901111', 'calvin.goldstein@berkeley.edu', '1660 Providence Lane'),
(302, '9193332222', 'timothy.barnes@duke.edu', '88 Blue Devil Blvd'),
(303, '6504441212', 'ava.richards@stanford.edu', '1 Stanford Oval'),
(304, '7345557777', 'logan.pierce@michigan.edu', '500 State Street'),
(305, '3107775555', 'isabella.wells@ucla.edu', '410 Westwood Blvd'),
(306, '6141112222', 'ethan.morris@osu.edu', '1900 College Rd N'),
(307, '8502221313', 'lily.anderson@fsu.edu', '600 W College Ave'),
(308, '9795551111', 'jackson.lee@tamu.edu', '3100 George Bush Dr'),
(309, '5748889898', 'mia.hughes@nd.edu', '100 Campus Drive'),
(310, '8471234567', 'elijah.scott@northwestern.edu', '633 Clark St'),
(101, '3178910001', 'carlos.ramirez@school.edu', '100 Athletic Way'),
(102, '3178910002', 'julia.nguyen@school.edu', '101 Athletic Way'),
(103, '3178910003', 'marcus.wright@school.edu', '102 Athletic Way'),
(104, '3178910004', 'samantha.lee@school.edu', '103 Athletic Way'),
(105, '3178910005', 'daniel.parker@school.edu', '104 Athletic Way'),
(106, '3178910006', 'ashley.garcia@school.edu', '105 Athletic Way'),
(107, '3178910007', 'brian.thompson@school.edu', '106 Athletic Way'),
(108, '3178910008', 'alicia.martinez@school.edu', '107 Athletic Way'),
(109, '3178910009', 'david.harris@school.edu', '108 Athletic Way'),
(110, '3178910010', 'rachel.khan@school.edu', '109 Athletic Way'),
(21, '3175551026', 'olivia.clark@westhigh.edu', '111 Highland Dr'),
(22, '3175551027', 'isabella.moore@westhigh.edu', '45 Ridgeview Ln'),
(23, '3175551028', 'zara.wright@westhigh.edu', '9 Shadow Wood Ln'),
(24, '3175551029', 'michael.rivers@southhigh.edu', '2 Brookside Ct'),
(25, '3175551030', 'matt.dobbs@southhigh.edu', '19 Pine Hill Dr'),
(26, '3175551031', 'nathan.brooks@northhigh.edu', '88 Overlook Rd'),
(27, '3175551032', 'samuel.woods@northhigh.edu', '14 Ash Tree Blvd'),
(28, '3175551033', 'owen.reed@northhigh.edu', '26 Fox Meadow'),
(29, '3175551034', 'blake.hayes@northhigh.edu', '33 Lakewood Dr'),
(30, '3175551035', 'jason.cross@southhigh.edu', '17 Crestview Way'),
(31, '3175551036', 'logan.west@southhigh.edu', '25 Riverbend Rd'),
(32, '3175551037', 'caleb.morgan@southhigh.edu', '77 Elm Hill Ct'),
(33, '3175551038', 'jack.foster@southhigh.edu', '99 Maple Valley'),
(34, '3175551039', 'benjamin.diaz@southhigh.edu', '4 Briar Patch Ln'),
(35, '3175551040', 'henry.griffin@southhigh.edu', '63 Spring Glen Dr'),
(36, '3175551041', 'mason.price@easthigh.edu', '3 Willow Bluff Rd'),
(37, '3175551042', 'dylan.bennett@northhigh.edu', '5 Oak Leaf Ln'),
(38, '3175551043', 'cameron.steele@northhigh.edu', '86 Sycamore Way'),
(39, '3175551044', 'madison.hill@centralhigh.edu', '11 Hickory Hollow'),
(40, '3175551045', 'jasmine.lee@centralhigh.edu', '50 Ivy Springs Ln'),
(41, '3175551046', 'amelia.jordan@centralhigh.edu', '98 Red Cedar Dr'),
(42, '3175551047', 'noah.kim@northhigh.edu', '76 Sandalwood Ct'),
(43, '3175551048', 'sophie.baker@westhigh.edu', '34 Hunters Glen'),
(44, '3175551049', 'liam.patel@southhigh.edu', '18 Whispering Pines'),
(45, '3175551050', 'ella.morris@westhigh.edu', '6 Silver Ridge Ln'),
(46, '3175551051', 'aiden.ramirez@easthigh.edu', '44 Garden Gate Dr'),
(47, '3175551052', 'grace.thompson@westhigh.edu', '77 Heatherbrook Ln'),
(48, '3175551053', 'daniel.ross@southhigh.edu', '5 Pine Shadow Rd'),
(49, '3175551054', 'zoe.howard@centralhigh.edu', '9 Golden Valley'),
(50, '3175551055', 'miles.jenkins@northhigh.edu', '81 Timberline Rd'),
(211, '4085553011', 'samuel.adams@ridgehigh.edu', '10 Coach Park Ln'),
(212, '4085553012', 'stephanie.turner@ridgehigh.edu', '11 Meadow Field Dr'),
(213, '4085553013', 'peter.wallace@ridgehigh.edu', '12 Victory Circle'),
(214, '4085553014', 'lena.wright@ridgehigh.edu', '13 Championship Ln'),
(215, '4085553015', 'caleb.ramirez@ridgehigh.edu', '14 Field House Dr'),
(216, '4085553016', 'bianca.lopez@ridgehigh.edu', '15 Courtside Dr'),
(217, '4085553017', 'isaiah.barnes@ridgehigh.edu', '16 Sideline Rd'),
(218, '4085553018', 'kelly.patterson@ridgehigh.edu', '17 Bench View Ave'),
(219, '4085553019', 'jordan.hall@ridgehigh.edu', '18 Sportsman Ct'),
(220, '4085553020', 'derek.sanders@ridgehigh.edu', '19 Fairplay Dr'),
(221, '4085553021', 'marissa.reed@ridgehigh.edu', '20 Redshirt Way'),
(222, '4085553022', 'brent.crawford@ridgehigh.edu', '21 Halftime Blvd'),
(223, '4085553023', 'isabelle.harrison@ridgehigh.edu', '22 Center Court Dr'),
(224, '4085553024', 'leo.price@ridgehigh.edu', '23 Buzzer Beater Blvd'),
(225, '4085553025', 'sofia.watson@ridgehigh.edu', '24 Gameplan Rd'),
(226, '4085553026', 'jamal.griffin@ridgehigh.edu', '25 Coach Circle'),
(227, '4085553027', 'tanya.cooper@ridgehigh.edu', '26 Huddle Way'),
(228, '4085553028', 'micah.morgan@ridgehigh.edu', '27 Warmup Lane'),
(229, '4085553029', 'diane.blackwell@ridgehigh.edu', '28 Time Out Ln'),
(230, '4085553030', 'victor.james@ridgehigh.edu', '29 Goal Line Rd'),
(231, '4085553031', 'hannah.king@ridgehigh.edu', '30 Locker Room Ct'),
(232, '4085553032', 'dante.ford@ridgehigh.edu', '31 Scoreboard Blvd'),
(233, '4085553033', 'emily.brown@ridgehigh.edu', '32 Home Court Ave'),
(234, '4085553034', 'bryan.scott@ridgehigh.edu', '33 Tip Off Way'),
(235, '4085553035', 'teresa.young@ridgehigh.edu', '34 Pass Play Rd'),
(236, '4085553036', 'omar.ellis@ridgehigh.edu', '35 Match Point Ct'),
(237, '4085553037', 'natalie.diaz@ridgehigh.edu', '36 Pep Rally Dr'),
(238, '4085553038', 'zachary.mills@ridgehigh.edu', '37 Game Night Blvd'),
(239, '8015552222', 'john.james@easthigh.edu', '2516 Hickory Street'),
(240, '8015553333', 'erica.rodriguez@easthigh.edu', '101 Coach Lane'),
(241, '8015551000', 'jack.bolton@easthigh.edu', '3642 Lang Avenue');

INSERT INTO Coach (CoachID, FirstName, LastName, ContactID) VALUES
(1, 'Jack', 'Bolton', 241),
(2, 'John', 'James', 239),
(3, 'Marcus', 'Foster', 201),
(4, 'Erica', 'Rodriguez', 240),
(5, 'Simon', 'Clark', 203),
(6, 'Denise', 'Woods', 204),
(7, 'Robert', 'Nguyen', 205),
(8, 'Tamara', 'Bell', 206),
(9, 'Jason', 'Myers', 207),
(10, 'Amanda', 'Garrett', 208),
(11, 'Trevor', 'White', 209),
(12, 'Monica', 'Hughes', 210),
(13, 'Samuel', 'Adams', 211),
(14, 'Stephanie', 'Turner', 212),
(15, 'Peter', 'Wallace', 213),
(16, 'Lena', 'Wright', 214),
(17, 'Caleb', 'Ramirez', 215),
(18, 'Bianca', 'Lopez', 216),
(19, 'Isaiah', 'Barnes', 217),
(20, 'Kelly', 'Patterson', 218),
(21, 'Jordan', 'Hall', 219),
(22, 'Derek', 'Sanders', 220),
(23, 'Marissa', 'Reed', 221),
(24, 'Brent', 'Crawford', 222),
(25, 'Isabelle', 'Harrison', 223),
(26, 'Leo', 'Price', 224),
(27, 'Sofia', 'Watson', 225),
(28, 'Jamal', 'Griffin', 226),
(29, 'Tanya', 'Cooper', 227),
(30, 'Micah', 'Morgan', 228),
(31, 'Diane', 'Blackwell', 229),
(32, 'Victor', 'James', 230),
(33, 'Hannah', 'King', 231),
(34, 'Dante', 'Ford', 232),
(35, 'Emily', 'Brown', 233),
(36, 'Bryan', 'Scott', 234),
(37, 'Teresa', 'Young', 235),
(38, 'Omar', 'Ellis', 236),
(39, 'Natalie', 'Diaz', 237),
(40, 'Zachary', 'Mills', 238);

INSERT INTO Strategies (StrategyID, Name, Type, Description) VALUES
(1, 'Pick and Roll', 'Offense', 'Set screen and rush basket'),
(2, 'Half-court Press', 'Defense', 'Guard in front of the half-court line'),
(3, '4-4 Defense', 'Defense', 'Use four linemen and four linebackers'),
(4, 'Wing-T', 'Offense', 'Misleading run-based offense'),
(5, '4-3-3 Formation', 'Offense', 'Three forwards to press high'),
(6, 'Zone Defense', 'Defense', 'Guard space instead of individual players'),
(7, 'Quick Strike', 'Offense', 'High-speed plays for quick points'),
(8, 'Libero Setup', 'Defense', 'Libero focuses on receiving and digging'),
(9, 'Full Court Press', 'Defense', 'Defensive pressure across full court'),
(10, 'Double Play Trap', 'Defense', 'Infield move for quick double outs'),
(11, 'Infield Shift', 'Offense', 'Adjust batting lineup and placement'),
(12, '4x100 Relay Setup', 'Offense', 'Sprint baton exchange and staggered start'),
(13, 'Staggered Starts', 'Defense', 'Track lineup to minimize overlap'),
(14, 'Grappling Hold', 'Offense', 'Wrestling pin technique'),
(15, 'Reversal Defense', 'Defense', 'Prevent opponent from escaping'),
(16, 'Full Court Drill', 'Offense', 'Maximize coverage and ball movement'),
(17, 'Cross Court Play', 'Defense', 'Diagonal shot technique in tennis'),
(18, 'Motion Offense', 'Offense', 'Player movement to create space'),
(19, 'Man-to-Man Defense', 'Defense', 'Each defender guards a specific player'),
(20, 'Spread Offense', 'Offense', 'Use horizontal field spacing'),
(21, 'Blitz Package', 'Defense', 'Linebackers pressure quarterback'),
(22, 'Diamond Formation', 'Offense', 'Soccer setup with central emphasis'),
(23, 'Trap Press', 'Defense', 'Double team near sidelines'),
(24, 'High-Low Post', 'Offense', 'Basketball play between forwards'),
(25, 'Tampa 2', 'Defense', 'Football zone coverage with MLB drop'),
(26, 'Quick Serve Setup', 'Offense', 'Fast-serve strategy in volleyball'),
(27, 'Defensive Shell', 'Defense', 'Soccer shape to block shooting lanes'),
(28, 'Inside Zone Run', 'Offense', 'Football inside handoff'),
(29, 'Power Run Scheme', 'Offense', 'Pulling guard lead run'),
(30, 'No Huddle Offense', 'Offense', 'Quick snaps with no huddle'),
(31, 'Stack Defense', 'Defense', 'Football stacked LB alignment'),
(32, 'Pick and Pop', 'Offense', 'Basketball screen then jump shot'),
(33, 'Shallow Zone', 'Defense', 'Soft zone coverage near scrimmage'),
(34, 'Flex Offense', 'Offense', 'Basketball movement and screens'),
(35, 'Outside Hit Focus', 'Offense', 'Attack from sideline hitters'),
(36, 'Low Block Cover', 'Defense', 'Protect block zone in wrestling'),
(37, 'Kick Serve', 'Offense', 'High bounce tennis serve'),
(38, 'Sliding Tackle Focus', 'Defense', 'Soccer tackle technique'),
(39, 'Bunt Defense', 'Defense', 'Baseball response to bunt play'),
(40, 'Corner Kick Setup', 'Offense', 'Soccer formation for set pieces');


INSERT INTO Team (TeamID, TeamName, HighSchoolName, State, Sport, Record, CoachID, StrategyID) VALUES
(1, 'Wildcats', 'East High', 'Utah', 'Basketball', '20-5', 1, 1),
(2, 'Tigers', 'North High', 'Utah', 'Basketball', '10-4', 2, 2),
(3, 'Panthers', 'Central High', 'California', 'Basketball', '18-6', 3, 1),
(4, 'Ravens', 'West High', 'Indiana', 'Basketball', '16-9', 4, 2),
(5, 'Cougars', 'North High', 'Nevada', 'Basketball', '22-3', 5, 9),
(6, 'Eagles', 'South High', 'Texas', 'Basketball', '19-5', 6, 9),
(7, 'East Thunder', 'East High', 'Utah', 'Soccer', '11-2', 7, 5),
(8, 'East Lightning', 'East High', 'Utah', 'Football', '8-3', 8, 3),
(9, 'East Flyers', 'East High', 'Utah', 'Volleyball', '12-6', 9, 7),
(10, 'East Aces', 'East High', 'Utah', 'Tennis', '9-5', 10, 16),
(11, 'Central Force', 'Central High', 'California', 'Football', '7-4', 11, 4),
(12, 'Central Knights', 'Central High', 'California', 'Soccer', '13-3', 12, 6),
(13, 'Central Heat', 'Central High', 'California', 'Volleyball', '14-4', 13, 8),
(14, 'Central Racers', 'Central High', 'California', 'Track', '6-2', 14, 12),
(15, 'West Fire', 'West High', 'Indiana', 'Soccer', '10-3', 15, 5),
(16, 'West Bolts', 'West High', 'Indiana', 'Baseball', '15-5', 16, 10),
(17, 'West Grit', 'West High', 'Indiana', 'Wrestling', '12-7', 17, 14),
(18, 'West Ace', 'West High', 'Indiana', 'Tennis', '7-7', 18, 17),
(19, 'North Storm', 'North High', 'Utah', 'Football', '6-5', 19, 4),
(20, 'North Speed', 'North High', 'Utah', 'Track', '9-1', 20, 13),
(21, 'North Surge', 'North High', 'Utah', 'Volleyball', '11-6', 21, 8),
(22, 'North Flame', 'North High', 'Utah', 'Softball', '13-4', 22, 11),
(23, 'South Blaze', 'South High', 'Texas', 'Football', '10-2', 23, 3),
(24, 'South Force', 'South High', 'Texas', 'Baseball', '17-3', 24, 11),
(25, 'South Phoenix', 'South High', 'Texas', 'Soccer', '12-5', 25, 6),
(26, 'South Impact', 'South High', 'Texas', 'Wrestling', '10-6', 26, 15),
(27, 'Liberty Lions', 'Liberty High', 'Nevada', 'Basketball', '15-5', 27, 1),
(28, 'Liberty Crush', 'Liberty High', 'Nevada', 'Track', '8-4', 28, 12),
(29, 'Liberty Hawks', 'Liberty High', 'Nevada', 'Football', '5-6', 29, 4),
(30, 'Liberty Eagles', 'Liberty High', 'Nevada', 'Volleyball', '14-5', 30, 7),
(31, 'River Ridge Raptors', 'River Ridge High', 'Colorado', 'Basketball', '13-5', 31, 1),
(32, 'River Ridge Storm', 'River Ridge High', 'Colorado', 'Soccer', '10-7', 32, 6),
(33, 'River Ridge Titans', 'River Ridge High', 'Colorado', 'Baseball', '11-8', 33, 10),
(34, 'Maplewood Moose', 'Maplewood High', 'Indiana', 'Softball', '12-5', 34, 11),
(35, 'Maplewood Foxes', 'Maplewood High', 'Indiana', 'Wrestling', '7-4', 35, 14),
(36, 'Maplewood Waves', 'Maplewood High', 'Indiana', 'Soccer', '9-3', 36, 5),
(37, 'Oceanview Orcas', 'Oceanview High', 'California', 'Basketball', '20-4', 37, 9),
(38, 'Oceanview Jets', 'Oceanview High', 'California', 'Football', '6-6', 38, 3),
(39, 'Oceanview Smash', 'Oceanview High', 'California', 'Volleyball', '13-5', 39, 8),
(40, 'Oceanview Breakers', 'Oceanview High', 'California', 'Track', '11-2', 40, 12);

INSERT INTO CollegeTeam (TeamID, Name, TeamSize, Division) VALUES
(123, 'UC Berkeley', 20, 'D1'),
(456, 'Duke', 19, 'D1'),
(1001, 'Stanford', 21, 'D1'),
(1002, 'Michigan', 20, 'D1'),
(1003, 'UCLA', 22, 'D1'),
(1004, 'Ohio State', 24, 'D1'),
(1005, 'Florida State', 23, 'D1'),
(1006, 'Texas A&M', 21, 'D1'),
(1007, 'Notre Dame', 18, 'D1'),
(1008, 'Northwestern', 19, 'D1'),
(1009, 'Harvard', 18, 'D1'),
(1010, 'Princeton', 17, 'D1'),
(1011, 'Penn State', 22, 'D1'),
(1012, 'Purdue', 21, 'D1'),
(1013, 'University of Oregon', 20, 'D1'),
(1014, 'University of Washington', 19, 'D1'),
(1015, 'Georgia Tech', 22, 'D1'),
(1016, 'University of Miami', 18, 'D1'),
(1017, 'Cornell', 20, 'D1'),
(1018, 'Vanderbilt', 19, 'D1'),
(1019, 'Boston College', 21, 'D1'),
(1020, 'University of Chicago', 18, 'D1'),
(1021, 'NYU', 17, 'D1'),
(1022, 'USC', 23, 'D1'),
(1023, 'University of Florida', 21, 'D1'),
(1024, 'University of Arizona', 20, 'D1'),
(1025, 'Columbia', 19, 'D1'),
(1026, 'University of Wisconsin', 24, 'D1'),
(1027, 'University of Minnesota', 22, 'D1'),
(1028, 'University of Kansas', 23, 'D1'),
(1029, 'Baylor', 21, 'D1'),
(1030, 'University of Georgia', 22, 'D1'),
(1031, 'University of Kentucky', 20, 'D1'),
(1032, 'Indiana University', 21, 'D1'),
(1033, 'University of Tennessee', 23, 'D1'),
(1034, 'University of Iowa', 20, 'D1'),
(1035, 'Texas Tech', 22, 'D1'),
(1036, 'University of Colorado', 18, 'D1'),
(1037, 'Syracuse University', 21, 'D1'),
(1038, 'Wake Forest', 19, 'D1');

INSERT INTO Recruiter (RecruiterID, FirstName, LastName, University, TeamID) VALUES
(301, 'Calvin', 'Goldstein', 'UC Berkeley', 123),
(302, 'Timothy', 'Barnes', 'Duke', 456),
(303, 'Ava', 'Richards', 'Stanford', 1001),
(304, 'Logan', 'Pierce', 'Michigan', 1002),
(305, 'Isabella', 'Wells', 'UCLA', 1003),
(306, 'Ethan', 'Morris', 'Ohio State', 1004),
(307, 'Lily', 'Anderson', 'Florida State', 1005),
(308, 'Jackson', 'Lee', 'Texas A&M', 1006),
(309, 'Mia', 'Hughes', 'Notre Dame', 1007),
(310, 'Elijah', 'Scott', 'Northwestern', 1008),
(311, 'Harper', 'Nguyen', 'Harvard', 1009),
(312, 'Lucas', 'Garcia', 'Princeton', 1010),
(313, 'Sofia', 'Lopez', 'Penn State', 1011),
(314, 'Mason', 'Martinez', 'Purdue', 1012),
(315, 'Ella', 'Rodriguez', 'University of Oregon', 1013),
(316, 'James', 'Bennett', 'University of Washington', 1014),
(317, 'Chloe', 'Robinson', 'Georgia Tech', 1015),
(318, 'Landon', 'White', 'University of Miami', 1016),
(319, 'Victoria', 'Thompson', 'Cornell', 1017),
(320, 'Henry', 'Green', 'Vanderbilt', 1018),
(321, 'Aria', 'King', 'Boston College', 1019),
(322, 'Sebastian', 'Adams', 'University of Chicago', 1020),
(323, 'Grace', 'Evans', 'NYU', 1021),
(324, 'Julian', 'Wright', 'USC', 1022),
(325, 'Stella', 'Moore', 'University of Florida', 1023),
(326, 'Nathan', 'Cruz', 'University of Arizona', 1024),
(327, 'Zoey', 'Reed', 'Columbia', 1025),
(328, 'Wyatt', 'Mitchell', 'University of Wisconsin', 1026),
(329, 'Penelope', 'Perry', 'University of Minnesota', 1027),
(330, 'Isaac', 'Morgan', 'University of Kansas', 1028),
(331, 'Leah', 'Stewart', 'Baylor', 1029),
(332, 'Owen', 'Simmons', 'University of Georgia', 1030),
(333, 'Scarlett', 'Bell', 'University of Kentucky', 1031),
(334, 'Gabriel', 'Cooper', 'Indiana University', 1032),
(335, 'Camila', 'Sanders', 'University of Tennessee', 1033),
(336, 'Jayden', 'Foster', 'University of Iowa', 1034),
(337, 'Claire', 'Bailey', 'Texas Tech', 1035),
(338, 'Dylan', 'Murphy', 'University of Colorado', 1036),
(339, 'Zara', 'Gray', 'Syracuse University', 1037),
(340, 'Anthony', 'Jenkins', 'Wake Forest', 1038);

INSERT INTO RecruitingEvents (EventID, DateTime, Location, RecruiterID) VALUES
(1, '2025-03-01 17:30:00', 'East High', 301),
(2, '2025-03-02 18:30:00', 'North High', 302),
(3, '2025-03-03 17:45:00', 'Central High', 303),
(4, '2025-03-04 18:00:00', 'West High', 304),
(5, '2025-03-05 18:15:00', 'South High', 305),
(6, '2025-03-06 17:30:00', 'Liberty High', 306),
(7, '2025-03-07 18:45:00', 'River Ridge High', 307),
(8, '2025-03-08 17:00:00', 'Maplewood High', 308),
(9, '2025-03-09 18:00:00', 'Oceanview High', 309),
(10, '2025-03-10 17:30:00', 'East High', 310),
(11, '2025-03-11 18:30:00', 'North High', 311),
(12, '2025-03-12 17:15:00', 'Central High', 312),
(13, '2025-03-13 18:00:00', 'West High', 313),
(14, '2025-03-14 17:30:00', 'South High', 314),
(15, '2025-03-15 18:30:00', 'Liberty High', 315),
(16, '2025-03-16 17:45:00', 'River Ridge High', 316),
(17, '2025-03-17 18:15:00', 'Maplewood High', 317),
(18, '2025-03-18 17:00:00', 'Oceanview High', 318),
(19, '2025-03-19 18:00:00', 'East High', 319),
(20, '2025-03-20 17:30:00', 'North High', 320),
(21, '2025-03-21 18:30:00', 'Central High', 321),
(22, '2025-03-22 17:45:00', 'West High', 322),
(23, '2025-03-23 18:00:00', 'South High', 323),
(24, '2025-03-24 17:30:00', 'Liberty High', 324),
(25, '2025-03-25 18:30:00', 'River Ridge High', 325),
(26, '2025-03-26 17:00:00', 'Maplewood High', 326),
(27, '2025-03-27 18:00:00', 'Oceanview High', 327),
(28, '2025-03-28 17:30:00', 'East High', 328),
(29, '2025-03-29 18:30:00', 'North High', 329),
(30, '2025-03-30 17:45:00', 'Central High', 330),
(31, '2025-04-01 18:00:00', 'West High', 331),
(32, '2025-04-02 17:30:00', 'South High', 332),
(33, '2025-04-03 18:30:00', 'Liberty High', 333),
(34, '2025-04-04 17:45:00', 'River Ridge High', 334),
(35, '2025-04-05 18:15:00', 'Maplewood High', 335),
(36, '2025-04-06 17:00:00', 'Oceanview High', 336),
(37, '2025-04-07 18:00:00', 'East High', 337),
(38, '2025-04-08 17:30:00', 'North High', 338),
(39, '2025-04-09 18:30:00', 'Central High', 339),
(40, '2025-04-10 17:45:00', 'West High', 340);

INSERT INTO AthleticDirector (DirectorID, FirstName, LastName, YearsExperience) VALUES
(101, 'Carlos', 'Ramirez', 12),
(102, 'Julia', 'Nguyen', 15),
(103, 'Marcus', 'Wright', 18),
(104, 'Samantha', 'Lee', 8),
(105, 'Daniel', 'Parker', 22),
(106, 'Ashley', 'Garcia', 10),
(107, 'Brian', 'Thompson', 14),
(108, 'Alicia', 'Martinez', 9),
(109, 'David', 'Harris', 11),
(110, 'Rachel', 'Khan', 16),
(111, 'Justin', 'Evans', 13),
(112, 'Natalie', 'Brooks', 7),
(113, 'Kevin', 'Allen', 21),
(114, 'Megan', 'Flores', 6),
(115, 'Steven', 'Bell', 17),
(116, 'Emily', 'Peterson', 19),
(117, 'Joshua', 'Reed', 12),
(118, 'Lauren', 'Cooper', 10),
(119, 'Eric', 'Sanders', 23),
(120, 'Chloe', 'Price', 5),
(121, 'Jonathan', 'Scott', 14),
(122, 'Hailey', 'Young', 9),
(123, 'Dylan', 'Mitchell', 20),
(124, 'Vanessa', 'Morgan', 8),
(125, 'Tyler', 'Bailey', 6),
(126, 'Ava', 'Cruz', 11),
(127, 'Logan', 'Gray', 13),
(128, 'Olivia', 'James', 15),
(129, 'Andrew', 'Stewart', 18),
(130, 'Isabella', 'Walker', 7);

INSERT INTO Game (GameID, Date, Time, Location, HomeTeamID, AwayTeamID, DirectorID) VALUES
(1, '2024-11-18', '19:00:00', 'East High', 1, 5, 101),
(2, '2024-11-22', '18:30:00', 'North High', 7, 1, 102),
(3, '2024-11-28', '19:15:00', 'Central High', 1, 10, 103),
(4, '2024-12-02', '20:00:00', 'West High', 12, 1, 104),
(5, '2024-12-06', '19:45:00', 'South High', 1, 16, 105),
(6, '2024-12-10', '18:00:00', 'East High', 1, 20, 101),
(7, '2024-12-14', '19:30:00', 'North High', 22, 1, 102),
(8, '2024-12-18', '19:00:00', 'Central High', 1, 25, 103),
(9, '2024-12-22', '18:45:00', 'West High', 28, 1, 104),
(10, '2024-12-26', '19:00:00', 'South High', 1, 30, 105),
(11, '2024-11-17', '19:00:00', 'East High', 2, 3, 101),
(12, '2024-11-21', '19:30:00', 'North High', 4, 6, 102),
(13, '2024-11-25', '20:00:00', 'Central High', 8, 9, 103),
(14, '2024-11-29', '18:15:00', 'West High', 11, 13, 104),
(15, '2024-12-03', '19:00:00', 'South High', 14, 15, 105),
(16, '2024-12-07', '19:30:00', 'East High', 17, 18, 101),
(17, '2024-12-11', '18:45:00', 'North High', 19, 21, 102),
(18, '2024-12-15', '19:00:00', 'Central High', 23, 24, 103),
(19, '2024-12-19', '19:30:00', 'West High', 26, 27, 104),
(20, '2024-12-23', '20:00:00', 'South High', 29, 31, 105),
(21, '2025-01-03', '19:00:00', 'Liberty High', 32, 33, 106),
(22, '2025-01-05', '19:30:00', 'River Ridge High', 34, 35, 107),
(23, '2025-01-07', '20:00:00', 'Maplewood High', 36, 37, 108),
(24, '2025-01-09', '18:15:00', 'Oceanview High', 38, 39, 109),
(25, '2025-01-11', '19:00:00', 'East High', 40, 2, 101),
(26, '2025-01-13', '19:30:00', 'North High', 3, 4, 102),
(27, '2025-01-15', '18:45:00', 'Central High', 6, 8, 103),
(28, '2025-01-17', '19:00:00', 'West High', 9, 11, 104),
(29, '2025-01-19', '19:30:00', 'South High', 13, 14, 105),
(30, '2025-01-21', '20:00:00', 'Liberty High', 15, 17, 106),
(31, '2025-01-23', '19:00:00', 'River Ridge High', 18, 19, 107),
(32, '2025-01-25', '18:30:00', 'Maplewood High', 21, 23, 108),
(33, '2025-01-27', '19:15:00', 'Oceanview High', 24, 26, 109),
(34, '2025-01-29', '20:00:00', 'East High', 27, 29, 101),
(35, '2025-01-31', '19:45:00', 'North High', 31, 32, 102),
(36, '2025-02-02', '18:00:00', 'Central High', 33, 34, 103),
(37, '2025-02-04', '19:30:00', 'West High', 35, 36, 104),
(38, '2025-02-06', '19:00:00', 'South High', 37, 38, 105),
(39, '2025-02-08', '18:30:00', 'Liberty High', 39, 40, 106),
(40, '2025-02-10', '19:15:00', 'River Ridge High', 5, 7, 107);

INSERT INTO Practice (PracticeID, Date, Time, Location, TeamID, DirectorID) VALUES
(1, '2024-11-19', '15:00:00', 'Main Gym', 1, 101),
(2, '2024-11-20', '16:00:00', 'Main Gym', 1, 101),
(3, '2024-11-27', '15:00:00', 'Main Gym', 1, 101),
(4, '2024-11-30', '14:30:00', 'Main Gym', 1, 101),
(5, '2024-12-04', '16:00:00', 'Main Gym', 1, 101),
(6, '2024-12-09', '15:00:00', 'Main Gym', 1, 101),
(7, '2024-12-13', '14:00:00', 'Main Gym', 1, 101),
(8, '2024-12-17', '15:30:00', 'Main Gym', 1, 101),
(9, '2025-01-02', '15:00:00', 'Main Gym', 1, 101),
(10, '2025-01-04', '16:00:00', 'Main Gym', 1, 101),
(11, '2024-11-16', '14:30:00', 'Court A', 2, 102),
(12, '2024-11-20', '15:30:00', 'Panther Gym', 3, 103),
(13, '2024-11-26', '17:00:00', 'West Field House', 4, 104),
(14, '2024-12-01', '15:00:00', 'Cougar Court', 5, 105),
(15, '2024-12-05', '14:00:00', 'Eagle Arena', 6, 106),
(16, '2024-12-08', '15:00:00', 'East Field', 7, 107),
(17, '2024-12-09', '16:30:00', 'East Stadium', 8, 108),
(18, '2024-12-13', '17:00:00', 'Lightning Gym', 9, 109),
(19, '2024-12-14', '15:00:00', 'East Tennis Center', 10, 110),
(20, '2024-12-16', '14:00:00', 'Central Stadium', 11, 111),
(21, '2024-12-20', '15:00:00', 'Central Soccer Field', 12, 112),
(22, '2024-12-24', '14:30:00', 'Central Gym', 13, 113),
(23, '2024-12-27', '16:00:00', 'Track Field', 14, 114),
(24, '2024-12-28', '14:00:00', 'West Soccer Field', 15, 115),
(25, '2025-01-01', '15:00:00', 'West Diamond', 16, 116),
(26, '2025-01-02', '16:00:00', 'West Wrestling Room', 17, 117),
(27, '2025-01-03', '14:30:00', 'West Tennis Courts', 18, 118),
(28, '2025-01-04', '15:00:00', 'North Turf Field', 19, 119),
(29, '2025-01-05', '14:00:00', 'North Track', 20, 120),
(30, '2025-01-06', '15:30:00', 'North Volleyball Court', 21, 121),
(31, '2025-01-07', '15:00:00', 'North Softball Field', 22, 122),
(32, '2025-01-08', '16:00:00', 'South Stadium', 23, 123),
(33, '2025-01-09', '14:00:00', 'South Baseball Field', 24, 124),
(34, '2025-01-10', '15:00:00', 'South Soccer Field', 25, 125),
(35, '2025-01-11', '16:30:00', 'South Wrestling Room', 26, 126),
(36, '2025-01-12', '14:00:00', 'Liberty Gym', 27, 127),
(37, '2025-01-13', '15:30:00', 'Liberty Track', 28, 128),
(38, '2025-01-14', '14:30:00', 'Liberty Football Field', 29, 129),
(39, '2025-01-15', '16:00:00', 'Liberty Volleyball Court', 30, 130),
(40, '2025-01-16', '15:00:00', 'Ridge Gym', 31, 101);

INSERT INTO Athlete (PlayerID, FirstName, LastName, Gender, GPA, GradeLevel, Height, Position, RecruitmentStatus, ContactID, TeamID) VALUES
(1, 'Troy', 'Bolton', 'Male', 3.9, 11, 6.8, 'Point Guard', 'Active', 1, 1),
(2, 'Chad', 'Danforth', 'Male', 3.6, 11, 6.9, 'Guard', 'Active', 2, 1),
(3, 'Zeke', 'Baylor', 'Male', 3.6, 11, 7.2, 'Forward', 'Active', 3, 1),
(4, 'Ryan', 'Evans', 'Male', 3.5, 12, 6.8, 'Forward', 'Active', 4, 1),
(5, 'Ethan', 'Bryant', 'Male', 3.3, 11, 6.7, 'Guard', 'Inactive', 5, 1),
(6, 'Lucas', 'Nguyen', 'Male', 3.8, 11, 6.9, 'Shooting Guard', 'Active', 6, 1),
(7, 'Tyler', 'Scott', 'Male', 3.4, 10, 6.8, 'Guard', 'Active', 7, 1),
(8, 'Mason', 'Price', 'Male', 3.8, 11, 6.7, 'Guard', 'Active', 8, 1),
(9, 'Gabriella', 'MonteZ', 'Female', 4.0, 11, 5.5, 'Shooting Guard', 'Active', 9, 3),
(10, 'Martha', 'Cox', 'Female', 3.8, 10, 5.4, 'Guard', 'Active', 10, 3),
(11, 'Kelsi', 'Nielsen', 'Female', 3.9, 11, 5.6, 'Point Guard', 'Active', 11, 3),
(12, 'Susan', 'Lake', 'Female', 3.7, 11, 5.7, 'Forward', 'Inactive', 12, 3),
(13, 'Taylor', 'McKessie', 'Female', 3.5, 11, 5.8, 'Forward', 'Active', 13, 3),
(14, 'Sharpay', 'Evans', 'Female', 3.7, 12, 5.5, 'Guard', 'Inactive', 14, 3),
(15, 'Nina', 'Thomas', 'Female', 3.6, 10, 5.4, 'Guard', 'Active', 15, 3),
(16, 'Lily', 'Johnson', 'Female', 4.0, 12, 5.6, 'Shooting Guard', 'Active', 16, 3),
(17, 'Rachel', 'Green', 'Female', 3.9, 12, 5.6, 'Guard', 'Active', 17, 4),
(18, 'Emily', 'Rose', 'Female', 4.0, 10, 5.5, 'Shooting Guard', 'Active', 18, 4),
(19, 'Avery', 'Lopez', 'Female', 3.5, 11, 5.7, 'Forward', 'Active', 19, 4),
(20, 'Chloe', 'Davis', 'Female', 3.6, 12, 5.8, 'Center', 'Active', 20, 4),
(21, 'Olivia', 'Clark', 'Female', 3.8, 11, 5.6, 'Guard', 'Active', 21, 4),
(22, 'Isabella', 'Moore', 'Female', 3.7, 10, 5.5, 'Point Guard', 'Inactive', 22, 4),
(23, 'Zara', 'Wright', 'Female', 3.9, 11, 5.6, 'Forward', 'Active', 23, 4),
(24, 'Michael', 'Rivers', 'Male', 3.4, 12, 6.10, 'Center', 'Inactive', 24, 5),
(25, 'Matt', 'Dobbs', 'Male', 3.1, 12, 7.0, 'Center', 'Active', 25, 5),
(26, 'Nathan', 'Brooks', 'Male', 3.6, 10, 6.8, 'Guard', 'Active', 26, 5),
(27, 'Samuel', 'Woods', 'Male', 3.3, 11, 6.9, 'Forward', 'Active', 27, 5),
(28, 'Owen', 'Reed', 'Male', 3.7, 11, 6.7, 'Shooting Guard', 'Active', 28, 5),
(29, 'Blake', 'Hayes', 'Male', 3.5, 12, 6.8, 'Guard', 'Inactive', 29, 5),
(30, 'Jason', 'Cross', 'Male', 3.2, 11, 6.9, 'Forward', 'Inactive', 30, 6),
(31, 'Logan', 'West', 'Male', 3.6, 10, 6.7, 'Point Guard', 'Active', 31, 6),
(32, 'Caleb', 'Morgan', 'Male', 3.9, 11, 6.8, 'Guard', 'Active', 32, 6),
(33, 'Jack', 'Foster', 'Male', 3.3, 12, 6.10, 'Forward', 'Active', 33, 6),
(34, 'Benjamin', 'Diaz', 'Male', 3.4, 11, 7.0, 'Center', 'Active', 34, 6),
(35, 'Henry', 'Griffin', 'Male', 3.5, 10, 6.6, 'Shooting Guard', 'Active', 35, 6),
(36, 'Mason', 'Price', 'Male', 3.8, 11, 6.8, 'Guard', 'Active', 36, 6),
(37, 'Dylan', 'Bennett', 'Male', 3.6, 12, 6.7, 'Point Guard', 'Active', 37, 5),
(38, 'Cameron', 'Steele', 'Male', 3.2, 11, 6.9, 'Guard', 'Inactive', 38, 5),
(39, 'Madison', 'Hill', 'Female', 3.9, 11, 5.5, 'Guard', 'Active', 39, 3),
(40, 'Jasmine', 'Lee', 'Female', 3.7, 12, 5.6, 'Forward', 'Active', 40, 3),
(41, 'Amelia', 'Jordan', 'Female', 3.8, 11, 5.7, 'Forward', 'Active', 41, 3),
(42, 'Noah', 'Kim', 'Male', 3.4, 10, 6.9, 'Guard', 'Active', 42, 5),
(43, 'Sophie', 'Baker', 'Female', 3.9, 12, 5.6, 'Point Guard', 'Active', 43, 4),
(44, 'Liam', 'Patel', 'Male', 3.3, 12, 6.7, 'Center', 'Inactive', 44, 6),
(45, 'Ella', 'Morris', 'Female', 3.7, 11, 5.5, 'Shooting Guard', 'Active', 45, 3),
(46, 'Aiden', 'Ramirez', 'Male', 3.6, 11, 6.8, 'Forward', 'Active', 46, 1),
(47, 'Grace', 'Thompson', 'Female', 4.0, 10, 5.4, 'Guard', 'Inactive', 47, 4),
(48, 'Daniel', 'Ross', 'Male', 3.5, 12, 6.10, 'Center', 'Active', 48, 6),
(49, 'Zoe', 'Howard', 'Female', 3.9, 11, 5.6, 'Forward', 'Active', 49, 3),
(50, 'Miles', 'Jenkins', 'Male', 3.2, 10, 6.7, 'Guard', 'Inactive', 50, 5);


INSERT INTO AthleteStats (StatsID, PlayerID, TotalPoints, GamesPlayed, AssistsPerGame, Rebounds, PointsPerGame, FreeThrowPercentage, HighlightsURL) VALUES
(1, 1, 350, 21, 6.2, 75, 23.1, 0.67, 'https://youtu.be/A_QRHJoXXYw?si=9Wy73fo9khxxaTez'),
(2, 2, 267, 20, 4.3, 82, 18.7, 0.52, 'https://maxpreps.com/highlights/chaddanforth'),
(3, 3, 312, 22, 3.9, 90, 20.5, 0.61, 'https://maxpreps.com/highlights/zekebaylor'),
(4, 4, 305, 20, 5.1, 60, 20.3, 0.70, 'https://maxpreps.com/highlights/gabriellamontez'),
(5, 5, 285, 19, 3.8, 78, 20.0, 0.58, 'https://maxpreps.com/highlights/ryanevans'),
(6, 6, 190, 18, 2.5, 63, 10.6, 0.49, 'https://maxpreps.com/highlights/marthacox'),
(7, 7, 275, 20, 6.0, 55, 13.8, 0.72, 'https://maxpreps.com/highlights/kelsinielsen'),
(8, 8, 160, 17, 1.9, 50, 9.4, 0.55, 'https://maxpreps.com/highlights/michaelrivers'),
(9, 9, 223, 21, 4.4, 58, 10.6, 0.61, 'https://maxpreps.com/highlights/susanlake'),
(10, 10, 310, 21, 5.2, 72, 14.8, 0.66, 'https://maxpreps.com/highlights/rachelgreen'),
(11, 11, 298, 20, 5.8, 80, 14.9, 0.63, 'https://maxpreps.com/highlights/mattdobbs'),
(12, 12, 245, 18, 3.5, 49, 13.6, 0.68, 'https://maxpreps.com/highlights/emilyrose'),
(13, 13, 198, 16, 2.8, 55, 12.4, 0.60, 'https://maxpreps.com/highlights/jasoncross'),
(14, 14, 277, 20, 4.7, 66, 13.9, 0.70, 'https://maxpreps.com/highlights/taylormckessie'),
(15, 15, 205, 19, 3.3, 59, 10.8, 0.62, 'https://maxpreps.com/highlights/sharpayevans'),
(16, 16, 320, 22, 6.5, 85, 14.5, 0.75, 'https://maxpreps.com/highlights/derrickmiller'),
(17, 17, 240, 20, 4.0, 60, 12.0, 0.59, 'https://maxpreps.com/highlights/ethanbryant'),
(18, 18, 211, 20, 4.1, 62, 10.5, 0.68, 'https://maxpreps.com/highlights/tylerscott'),
(19, 19, 265, 21, 3.5, 64, 12.6, 0.65, 'https://maxpreps.com/highlights/lucasnguyen'),
(20, 20, 250, 18, 4.2, 70, 13.9, 0.69, 'https://maxpreps.com/highlights/ninathomas'),
(21, 21, 230, 17, 3.9, 68, 13.5, 0.67, 'https://maxpreps.com/highlights/lilyjohnson'),
(22, 22, 288, 21, 5.1, 73, 13.7, 0.66, 'https://maxpreps.com/highlights/averylopez'),
(23, 23, 310, 20, 6.3, 77, 15.5, 0.73, 'https://maxpreps.com/highlights/chloedavis'),
(24, 24, 180, 16, 2.9, 52, 11.3, 0.54, 'https://maxpreps.com/highlights/oliviaclark'),
(25, 25, 200, 17, 3.7, 60, 11.8, 0.61, 'https://maxpreps.com/highlights/isabellamoore'),
(26, 26, 170, 15, 2.3, 50, 11.3, 0.59, 'https://maxpreps.com/highlights/zarawright'),
(27, 27, 295, 20, 4.9, 66, 14.8, 0.65, 'https://maxpreps.com/highlights/nathanbrooks'),
(28, 28, 310, 21, 5.5, 70, 14.7, 0.69, 'https://maxpreps.com/highlights/samuelwoods'),
(29, 29, 280, 19, 4.4, 74, 14.7, 0.64, 'https://maxpreps.com/highlights/owenreed'),
(30, 30, 195, 17, 3.0, 61, 11.5, 0.60, 'https://maxpreps.com/highlights/blakehayes'),
(31, 31, 225, 18, 3.7, 63, 12.5, 0.65, 'https://maxpreps.com/highlights/loganwest'),
(32, 32, 265, 20, 4.6, 67, 13.3, 0.71, 'https://maxpreps.com/highlights/calebmorgan'),
(33, 33, 312, 21, 6.0, 80, 14.9, 0.69, 'https://maxpreps.com/highlights/jackfoster'),
(34, 34, 345, 22, 6.2, 83, 15.7, 0.73, 'https://maxpreps.com/highlights/benjamindiaz'),
(35, 35, 202, 16, 3.2, 58, 12.6, 0.60, 'https://maxpreps.com/highlights/henrygriffin'),
(36, 36, 270, 20, 5.1, 70, 13.5, 0.64, 'https://maxpreps.com/highlights/masonprice'),
(37, 37, 212, 19, 3.9, 65, 11.2, 0.68, 'https://maxpreps.com/highlights/dylanbennett'),
(38, 38, 280, 20, 4.2, 69, 14.0, 0.66, 'https://maxpreps.com/highlights/cameronsteele'),
(39, 39, 195, 17, 3.5, 54, 11.5, 0.63, 'https://maxpreps.com/highlights/madisonhill'),
(40, 40, 200, 18, 3.8, 56, 11.1, 0.65, 'https://maxpreps.com/highlights/jasminelee'),
(41, 41, 185, 18, 2.5, 50, 10.3, 0.57, 'https://maxpreps.com/highlights/ameliajordan'),
(42, 42, 260, 19, 4.1, 66, 13.7, 0.61, 'https://maxpreps.com/highlights/noahkim'),
(43, 43, 230, 20, 3.9, 64, 11.5, 0.64, 'https://maxpreps.com/highlights/sophiebaker'),
(44, 44, 190, 17, 2.4, 61, 11.2, 0.59, 'https://maxpreps.com/highlights/liampatel'),
(45, 45, 200, 18, 3.6, 60, 11.1, 0.62, 'https://maxpreps.com/highlights/ellamorris'),
(46, 46, 260, 21, 5.3, 69, 12.4, 0.69, 'https://maxpreps.com/highlights/aidenramirez'),
(47, 47, 175, 17, 2.7, 53, 10.3, 0.58, 'https://maxpreps.com/highlights/gracethompson'),
(48, 48, 288, 20, 4.9, 75, 14.4, 0.72, 'https://maxpreps.com/highlights/danielross'),
(49, 49, 230, 18, 3.6, 62, 12.8, 0.66, 'https://maxpreps.com/highlights/zoehoward'),
(50, 50, 265, 19, 4.1, 67, 13.9, 0.68, 'https://maxpreps.com/highlights/milesjenkins');

INSERT INTO SchoolsOfInterest (InterestID, PlayerID, TeamID, Name, RecruitmentProgress, Location) VALUES
(1, 1, 123, 'UC Berkeley', 'School visit', 'Berkeley, CA'),
(2, 2, 456, 'Duke University', 'Contacted coach', 'Durham, NC'),
(3, 3, 1001, 'Stanford University', 'Received offer', 'Stanford, CA'),
(4, 4, 1002, 'University of Michigan', 'Interested', 'Ann Arbor, MI'),
(5, 5, 1003, 'UCLA', 'School visit', 'Los Angeles, CA'),
(6, 6, 1004, 'Ohio State University', 'Contacted coach', 'Columbus, OH'),
(7, 7, 1005, 'Florida State University', 'Interested', 'Tallahassee, FL'),
(8, 8, 1006, 'Texas A&M University', 'School visit', 'College Station, TX'),
(9, 9, 1007, 'University of Notre Dame', 'Offered scholarship', 'South Bend, IN'),
(10, 10, 1008, 'Northwestern University', 'Contacted coach', 'Evanston, IL'),
(11, 11, 1009, 'Harvard University', 'Interested', 'Cambridge, MA'),
(12, 12, 1010, 'Princeton University', 'School visit', 'Princeton, NJ'),
(13, 13, 1011, 'Penn State University', 'Attended camp', 'University Park, PA'),
(14, 14, 1012, 'Purdue University', 'Contacted coach', 'West Lafayette, IN'),
(15, 15, 1013, 'University of Oregon', 'School visit', 'Eugene, OR'),
(16, 16, 1014, 'University of Washington', 'Contacted coach', 'Seattle, WA'),
(17, 17, 1015, 'Georgia Tech', 'Offered scholarship', 'Atlanta, GA'),
(18, 18, 1016, 'University of Miami', 'Interested', 'Miami, FL'),
(19, 19, 1017, 'Cornell University', 'Attended camp', 'Ithaca, NY'),
(20, 20, 1018, 'Vanderbilt University', 'Contacted coach', 'Nashville, TN'),
(21, 21, 1019, 'Boston College', 'School visit', 'Chestnut Hill, MA'),
(22, 22, 1020, 'University of Chicago', 'Interested', 'Chicago, IL'),
(23, 23, 1021, 'New York University', 'Contacted coach', 'New York, NY'),
(24, 24, 1022, 'University of Southern California', 'School visit', 'Los Angeles, CA'),
(25, 25, 1023, 'University of Florida', 'Interested', 'Gainesville, FL'),
(26, 26, 1024, 'University of Arizona', 'Contacted coach', 'Tucson, AZ'),
(27, 27, 1025, 'Columbia University', 'School visit', 'New York, NY'),
(28, 28, 1026, 'University of Wisconsin', 'Interested', 'Madison, WI'),
(29, 29, 1027, 'University of Minnesota', 'School visit', 'Minneapolis, MN'),
(30, 30, 1028, 'University of Kansas', 'Contacted coach', 'Lawrence, KS'),
(31, 31, 1029, 'Baylor University', 'Attended camp', 'Waco, TX'),
(32, 32, 1030, 'University of Georgia', 'School visit', 'Athens, GA'),
(33, 33, 1031, 'University of Kentucky', 'Interested', 'Lexington, KY'),
(34, 34, 1032, 'Indiana University', 'Contacted coach', 'Bloomington, IN'),
(35, 35, 1033, 'University of Tennessee', 'Attended camp', 'Knoxville, TN'),
(36, 36, 1034, 'University of Iowa', 'School visit', 'Iowa City, IA'),
(37, 37, 1035, 'Texas Tech University', 'Interested', 'Lubbock, TX'),
(38, 38, 1036, 'University of Colorado', 'Contacted coach', 'Boulder, CO'),
(39, 39, 1037, 'Syracuse University', 'School visit', 'Syracuse, NY'),
(40, 40, 1038, 'Wake Forest University', 'Interested', 'Winston-Salem, NC');

INSERT INTO AthleteEvent (PlayerID, EventID) VALUES
(1, 1), (2, 1), (3, 1), (4, 1), (5, 1),
(1, 10), (2, 10), (3, 10), (4, 10), (5, 10),
(1, 19), (2, 19), (3, 19), (4, 19), (5, 19),
(1, 28), (2, 28), (3, 28), (4, 28), (5, 28),
(1, 37), (2, 37), (3, 37), (4, 37), (5, 37),
(6, 2), (7, 2), (8, 2), (9, 2), (10, 2),
(6, 11), (7, 11), (8, 11), (9, 11), (10, 11),
(6, 20), (7, 20), (8, 20), (9, 20), (10, 20),
(6, 29), (7, 29), (8, 29), (9, 29), (10, 29),
(6, 38), (7, 38), (8, 38), (9, 38), (10, 38),
(11, 3), (12, 3), (13, 3), (14, 3), (15, 3),
(11, 12), (12, 12), (13, 12), (14, 12), (15, 12),
(11, 21), (12, 21), (13, 21), (14, 21), (15, 21),
(11, 30), (12, 30), (13, 30), (14, 30), (15, 30),
(11, 39), (12, 39), (13, 39), (14, 39), (15, 39),
(16, 4), (17, 4), (18, 4), (19, 4), (20, 4),
(16, 13), (17, 13), (18, 13), (19, 13), (20, 13),
(16, 22), (17, 22), (18, 22), (19, 22), (20, 22),
(16, 31), (17, 31), (18, 31), (19, 31), (20, 31),
(16, 40), (17, 40), (18, 40), (19, 40), (20, 40),
(21, 5), (22, 5), (23, 5), (24, 5), (25, 5),
(21, 14), (22, 14), (23, 14), (24, 14), (25, 14),
(26, 6), (27, 6), (28, 6), (26, 15), (27, 15),
(29, 7), (30, 7), (29, 16), (30, 16), (29, 25);

INSERT INTO AthleteRecruiter (PlayerID, RecruiterID) VALUES
(1, 301), (1, 302),
(2, 301), (2, 304),
(3, 302), (3, 305),
(4, 306), (4, 303),
(5, 307), (5, 308), (5, 309),
(6, 310), (6, 311),
(7, 312), (7, 313),
(8, 314), (8, 315), (8, 316),
(9, 317), (9, 318),
(10, 319), (10, 320),
(11, 321), (11, 322), (11, 323),
(12, 324), (12, 325),
(13, 326), (13, 327),
(14, 328), (14, 329),
(15, 330), (15, 331), (15, 332),
(16, 333), (16, 334),
(17, 335), (17, 336),
(18, 337), (18, 338), (18, 339),
(19, 340), (19, 301),
(20, 302), (20, 303),
(21, 304), (21, 305),
(22, 306), (22, 307),
(23, 308), (23, 309),
(24, 310), (24, 311),
(25, 312), (25, 313),
(26, 314), (26, 315), (26, 316),
(27, 317), (27, 318),
(28, 319), (28, 320),
(29, 321), (29, 322),
(30, 323), (30, 324),
(31, 325), (31, 326),
(32, 327), (32, 328),
(33, 330), (33, 331),
(34, 332), (34, 333),
(35, 334), (35, 335),
(36, 336), (36, 337),
(37, 339), (37, 340),
(38, 301), (38, 302),
(39, 303), (39, 304),
(40, 305), (40, 306),
(41, 307), (41, 308),
(42, 309), (42, 310),
(43, 312), (43, 313),
(44, 314), (44, 315),
(45, 316), (45, 317),
(46, 318), (46, 319),
(47, 320), (47, 321),
(48, 322), (48, 323),
(49, 325), (49, 326),
(50, 327), (50, 328),
(1, 303), (48, 324),
(42, 311), (36, 338),
(32, 329);

INSERT INTO AthleteInterestedSchools (PlayerID, InterestID) VALUES
(1, 1), (1, 2), (1, 3),
(2, 2), (2, 4),
(3, 3), (3, 5),
(4, 6), (4, 4),
(5, 7), (5, 8), (5, 9),
(6, 10), (6, 11),
(7, 12), (7, 13),
(8, 14), (8, 15), (8, 16),
(9, 17), (9, 18),
(10, 19), (10, 20),
(11, 21), (11, 22), (11, 23),
(12, 24), (12, 25),
(13, 26), (13, 27),
(14, 28), (14, 29),
(15, 30), (15, 31), (15, 32),
(16, 33), (16, 34),
(17, 35), (17, 36),
(18, 37), (18, 38), (18, 39),
(19, 40), (19, 1),
(20, 2), (20, 3),
(21, 4), (21, 5),
(22, 6), (22, 7),
(23, 8), (23, 9),
(24, 10), (24, 11),
(25, 12), (25, 13),
(26, 14), (26, 15), (26, 16),
(27, 17), (27, 18),
(28, 19), (28, 20),
(29, 21), (29, 22),
(30, 23), (30, 24),
(31, 25), (31, 26),
(32, 27), (32, 28), (32, 29),
(33, 30), (33, 31),
(34, 32), (34, 33),
(35, 34), (35, 35),
(36, 36), (36, 37), (36, 38),
(37, 39), (37, 40),
(38, 1), (38, 2),
(39, 3), (39, 4),
(40, 5), (40, 6),
(41, 7), (41, 8),
(42, 9), (42, 10), (42, 11),
(43, 12), (43, 13),
(44, 14), (44, 15),
(45, 16), (45, 17),
(46, 18), (46, 19),
(47, 20), (47, 21),
(48, 22), (48, 23), (48, 24),
(49, 25), (49, 26),
(50, 27), (50, 28);